-- phpMyAdmin SQL Dump
-- version 4.5.1
-- http://www.phpmyadmin.net
--
-- Host: 127.0.0.1
-- Generation Time: Apr 28, 2017 at 09:52 PM
-- Server version: 10.1.19-MariaDB
-- PHP Version: 5.6.28

SET SQL_MODE = "NO_AUTO_VALUE_ON_ZERO";
SET time_zone = "+00:00";


/*!40101 SET @OLD_CHARACTER_SET_CLIENT=@@CHARACTER_SET_CLIENT */;
/*!40101 SET @OLD_CHARACTER_SET_RESULTS=@@CHARACTER_SET_RESULTS */;
/*!40101 SET @OLD_COLLATION_CONNECTION=@@COLLATION_CONNECTION */;
/*!40101 SET NAMES utf8mb4 */;

--
-- Database: `tipsandgo`
--

-- --------------------------------------------------------

--
-- Table structure for table `activity`
--

CREATE TABLE `activity` (
  `act_id` int(11) NOT NULL,
  `obj_type_id` int(11) NOT NULL,
  `obj_id` bigint(20) NOT NULL,
  `obj_parent_id` int(11) NOT NULL,
  `act_type_id` int(11) NOT NULL,
  `user_id` int(11) NOT NULL,
  `data` text NOT NULL,
  `time` datetime NOT NULL,
  `modified_by` int(11) NOT NULL,
  `created_by` int(11) NOT NULL,
  `created_date` datetime NOT NULL,
  `last_modified_date` timestamp NOT NULL DEFAULT CURRENT_TIMESTAMP ON UPDATE CURRENT_TIMESTAMP
) ENGINE=MyISAM DEFAULT CHARSET=utf8;

--
-- Dumping data for table `activity`
--

INSERT INTO `activity` (`act_id`, `obj_type_id`, `obj_id`, `obj_parent_id`, `act_type_id`, `user_id`, `data`, `time`, `modified_by`, `created_by`, `created_date`, `last_modified_date`) VALUES
(319, 3, 45, 6, 8, 6, 'Hi', '0000-00-00 00:00:00', 6, 45, '2017-03-18 01:37:28', '2017-03-18 06:37:28'),
(196, 1, 1, 0, 2, 6, '', '0000-00-00 00:00:00', 6, 1, '2017-01-17 00:40:36', '2017-01-17 06:40:36'),
(354, 1, 3, 0, 2, 1, '', '0000-00-00 00:00:00', 1, 3, '2017-04-14 15:58:33', '2017-04-14 13:58:33'),
(25, 1, 3, 0, 1, 2, '', '0000-00-00 00:00:00', 2, 3, '2016-11-29 07:15:40', '2016-11-29 06:15:40'),
(26, 1, 3, 0, 2, 2, '', '0000-00-00 00:00:00', 2, 3, '2016-11-29 07:15:40', '2016-11-29 06:15:40'),
(27, 1, 2, 0, 1, 3, '', '0000-00-00 00:00:00', 3, 2, '2016-11-29 09:00:57', '2016-11-29 08:00:57'),
(28, 1, 2, 0, 2, 3, '', '0000-00-00 00:00:00', 3, 2, '2016-11-29 09:00:57', '2016-11-29 08:00:57'),
(30, 3, 2, 2, 4, 2, '', '0000-00-00 00:00:00', 2, 2, '2016-12-02 13:01:05', '2016-12-02 13:01:05'),
(31, 3, 3, 3, 4, 3, '', '0000-00-00 00:00:00', 3, 3, '2016-12-02 13:06:30', '2016-12-02 13:06:30'),
(52, 3, 3, 3, 5, 1, '', '0000-00-00 00:00:00', 1, 3, '2016-12-03 10:59:29', '2016-12-03 10:59:29'),
(63, 3, 3, 3, 6, 1, '', '0000-00-00 00:00:00', 1, 3, '2016-12-03 23:55:24', '2016-12-03 23:55:24'),
(54, 3, 3, 3, 9, 1, '', '0000-00-00 00:00:00', 1, 3, '2016-12-03 11:05:22', '2016-12-03 11:05:22'),
(36, 3, 3, 3, 8, 1, 'test', '0000-00-00 00:00:00', 1, 3, '2016-12-02 06:08:17', '2016-12-02 14:03:39'),
(37, 3, 3, 3, 9, 1, '', '0000-00-00 00:00:00', 1, 3, '2016-12-02 06:08:20', '2016-12-02 14:03:34'),
(39, 3, 3, 3, 8, 1, 'hello world', '0000-00-00 00:00:00', 1, 3, '2016-12-02 14:08:56', '2016-12-02 14:08:56'),
(41, 3, 3, 3, 9, 1, '', '0000-00-00 00:00:00', 1, 3, '2016-12-02 14:25:03', '2016-12-02 14:25:03'),
(42, 3, 2, 2, 9, 1, '', '0000-00-00 00:00:00', 1, 2, '2016-12-02 14:26:09', '2016-12-02 14:26:09'),
(43, 3, 3, 3, 9, 3, '', '0000-00-00 00:00:00', 3, 3, '2016-12-03 08:25:32', '2016-12-03 08:25:32'),
(55, 3, 2, 2, 9, 1, '', '0000-00-00 00:00:00', 1, 2, '2016-12-03 11:05:27', '2016-12-03 11:05:27'),
(259, 1, 6, 0, 2, 1, '', '0000-00-00 00:00:00', 1, 6, '2017-01-24 06:19:01', '2017-01-24 12:19:01'),
(136, 3, 11, 6, 11, 2, '', '0000-00-00 00:00:00', 2, 11, '2017-01-07 04:13:12', '2017-01-07 10:13:12'),
(135, 3, 12, 9, 11, 2, '', '0000-00-00 00:00:00', 2, 12, '2017-01-07 04:13:05', '2017-01-07 10:13:05'),
(258, 1, 6, 0, 1, 1, '', '0000-00-00 00:00:00', 1, 6, '2017-01-24 06:19:01', '2017-01-24 12:19:01'),
(194, 3, 27, 6, 8, 6, 'Here is my sample comment!', '0000-00-00 00:00:00', 6, 27, '2017-01-17 00:24:12', '2017-01-17 06:24:12'),
(195, 1, 1, 0, 1, 6, '', '0000-00-00 00:00:00', 6, 1, '2017-01-17 00:40:36', '2017-01-17 06:40:36'),
(308, 1, 1, 0, 1, 11, '', '0000-00-00 00:00:00', 11, 1, '2017-02-03 20:35:52', '2017-02-04 02:35:52'),
(204, 3, 27, 6, 6, 1, '', '0000-00-00 00:00:00', 1, 27, '2017-01-20 16:07:15', '2017-01-20 22:07:15'),
(216, 3, 30, 1, 7, 1, '', '0000-00-00 00:00:00', 1, 30, '2017-01-22 06:00:11', '2017-01-22 12:00:11'),
(309, 1, 1, 0, 2, 11, '', '0000-00-00 00:00:00', 11, 1, '2017-02-03 20:35:52', '2017-02-04 02:35:52'),
(210, 3, 10, 6, 8, 1, 'Test', '0000-00-00 00:00:00', 1, 10, '2017-01-21 09:03:44', '2017-01-21 15:03:44'),
(296, 3, 27, 6, 7, 1, '', '0000-00-00 00:00:00', 1, 27, '2017-01-28 21:53:51', '2017-01-29 03:53:51'),
(248, 3, 36, 6, 6, 6, '', '0000-00-00 00:00:00', 6, 36, '2017-01-24 01:09:38', '2017-01-24 07:09:38'),
(298, 1, 6, 0, 2, 11, '', '0000-00-00 00:00:00', 11, 6, '2017-01-29 15:16:56', '2017-01-29 21:16:56'),
(246, 3, 36, 6, 11, 6, '', '0000-00-00 00:00:00', 6, 36, '2017-01-24 01:08:44', '2017-01-24 07:08:44'),
(214, 3, 30, 1, 4, 1, '', '0000-00-00 00:00:00', 1, 1, '2017-01-21 09:20:51', '2017-01-21 15:20:51'),
(182, 3, 27, 6, 4, 6, '', '0000-00-00 00:00:00', 6, 6, '2017-01-16 07:40:52', '2017-01-16 13:40:52'),
(217, 3, 30, 1, 6, 1, '', '0000-00-00 00:00:00', 1, 30, '2017-01-22 06:00:14', '2017-01-22 12:00:14'),
(87, 3, 3, 3, 8, 1, 'hello', '0000-00-00 00:00:00', 1, 3, '2016-12-06 05:54:10', '2016-12-06 05:54:10'),
(297, 1, 6, 0, 1, 11, '', '0000-00-00 00:00:00', 11, 6, '2017-01-29 15:16:56', '2017-01-29 21:16:56'),
(268, 3, 39, 6, 7, 1, '', '0000-00-00 00:00:00', 1, 39, '2017-01-25 07:12:15', '2017-01-25 13:12:15'),
(133, 3, 12, 9, 5, 1, '', '0000-00-00 00:00:00', 1, 12, '2017-01-07 03:52:54', '2017-01-07 09:52:54'),
(108, 3, 10, 6, 4, 6, '', '0000-00-00 00:00:00', 6, 6, '2017-01-04 01:01:51', '2017-01-04 07:01:51'),
(109, 3, 11, 6, 4, 6, '', '0000-00-00 00:00:00', 6, 6, '2017-01-04 01:05:49', '2017-01-04 07:05:49'),
(110, 3, 12, 9, 4, 9, '', '0000-00-00 00:00:00', 9, 9, '2017-01-04 01:48:42', '2017-01-04 07:48:42'),
(111, 3, 12, 9, 6, 1, '', '0000-00-00 00:00:00', 1, 12, '2017-01-05 19:15:42', '2017-01-06 01:15:42'),
(262, 3, 12, 9, 7, 1, '', '0000-00-00 00:00:00', 1, 12, '2017-01-24 18:46:41', '2017-01-25 00:46:41'),
(247, 3, 36, 6, 5, 6, '', '0000-00-00 00:00:00', 6, 36, '2017-01-24 01:09:37', '2017-01-24 07:09:37'),
(236, 3, 30, 1, 8, 1, 'jfjfj', '0000-00-00 00:00:00', 1, 30, '2017-01-23 23:48:56', '2017-01-24 05:48:56'),
(249, 3, 36, 6, 7, 6, '', '0000-00-00 00:00:00', 6, 36, '2017-01-24 01:09:39', '2017-01-24 07:09:39'),
(250, 3, 37, 1, 4, 1, '', '0000-00-00 00:00:00', 1, 1, '2017-01-24 01:11:53', '2017-01-24 07:11:53'),
(245, 3, 36, 6, 4, 6, '', '0000-00-00 00:00:00', 6, 6, '2017-01-24 01:05:28', '2017-01-24 07:05:28'),
(263, 3, 39, 6, 11, 1, '', '0000-00-00 00:00:00', 1, 39, '2017-01-24 22:53:27', '2017-01-25 04:53:27'),
(252, 3, 38, 6, 4, 6, '', '0000-00-00 00:00:00', 6, 6, '2017-01-24 02:24:33', '2017-01-24 08:24:33'),
(253, 3, 39, 6, 4, 6, '', '0000-00-00 00:00:00', 6, 6, '2017-01-24 03:28:03', '2017-01-24 09:28:03'),
(255, 3, 3, 3, 8, 6, 'Android test', '0000-00-00 00:00:00', 6, 3, '2017-01-24 03:49:35', '2017-01-24 09:49:35'),
(276, 3, 45, 6, 4, 6, '', '0000-00-00 00:00:00', 6, 6, '2017-01-25 07:32:15', '2017-01-25 13:32:15'),
(294, 3, 2, 2, 6, 1, '', '0000-00-00 00:00:00', 1, 2, '2017-01-28 14:16:35', '2017-01-28 20:16:35'),
(301, 1, 11, 0, 1, 1, '', '0000-00-00 00:00:00', 1, 11, '2017-01-29 15:26:02', '2017-01-29 21:26:02'),
(302, 1, 11, 0, 2, 1, '', '0000-00-00 00:00:00', 1, 11, '2017-01-29 15:26:02', '2017-01-29 21:26:02'),
(303, 3, 30, 1, 11, 11, '', '0000-00-00 00:00:00', 11, 30, '2017-01-29 15:36:11', '2017-01-29 21:36:11'),
(304, 3, 39, 6, 13, 11, '', '0000-00-00 00:00:00', 11, 39, '2017-01-29 18:57:18', '2017-01-30 00:57:18'),
(305, 3, 45, 6, 5, 11, '', '0000-00-00 00:00:00', 11, 45, '2017-02-01 23:14:09', '2017-02-02 05:14:09'),
(306, 3, 45, 6, 7, 11, '', '0000-00-00 00:00:00', 11, 45, '2017-02-03 12:48:47', '2017-02-03 18:48:47'),
(307, 3, 38, 6, 5, 11, '', '0000-00-00 00:00:00', 11, 38, '2017-02-03 12:48:57', '2017-02-03 18:48:57'),
(311, 3, 12, 9, 7, 11, '', '0000-00-00 00:00:00', 11, 12, '2017-02-06 21:39:48', '2017-02-07 03:39:48'),
(312, 3, 38, 6, 6, 11, '', '0000-00-00 00:00:00', 11, 38, '2017-02-06 22:31:08', '2017-02-07 04:31:08'),
(313, 3, 12, 9, 5, 11, '', '0000-00-00 00:00:00', 11, 12, '2017-02-08 16:38:43', '2017-02-08 22:38:43'),
(314, 3, 30, 1, 6, 11, '', '0000-00-00 00:00:00', 11, 30, '2017-02-16 19:02:24', '2017-02-17 01:02:24'),
(318, 3, 52, 6, 4, 6, '', '0000-00-00 00:00:00', 6, 6, '2017-03-18 01:26:37', '2017-03-18 06:26:37'),
(320, 3, 45, 6, 8, 6, 'Hi', '0000-00-00 00:00:00', 6, 45, '2017-03-18 01:37:39', '2017-03-18 06:37:39'),
(321, 3, 52, 6, 13, 11, '', '0000-00-00 00:00:00', 11, 52, '2017-03-18 10:10:43', '2017-03-18 15:10:43'),
(350, 1, 9, 0, 2, 1, '', '0000-00-00 00:00:00', 1, 9, '2017-04-13 11:35:25', '2017-04-13 09:35:25'),
(349, 1, 9, 0, 1, 1, '', '0000-00-00 00:00:00', 1, 9, '2017-04-13 11:35:25', '2017-04-13 09:35:25'),
(353, 1, 3, 0, 1, 1, '', '0000-00-00 00:00:00', 1, 3, '2017-04-14 15:58:33', '2017-04-14 13:58:33'),
(368, 3, 37, 1, 13, 1, '', '0000-00-00 00:00:00', 1, 37, '2017-04-21 04:17:06', '2017-04-21 02:17:06'),
(362, 3, 38, 6, 11, 1, '', '0000-00-00 00:00:00', 1, 38, '2017-04-21 03:56:06', '2017-04-21 01:56:06'),
(358, 3, 12, 9, 8, 1, '541kuj98huih9o', '0000-00-00 00:00:00', 1, 12, '2017-04-21 01:53:46', '2017-04-20 23:53:46'),
(359, 3, 12, 9, 8, 1, 'hvh bk', '0000-00-00 00:00:00', 1, 12, '2017-04-21 01:53:57', '2017-04-20 23:53:57');

-- --------------------------------------------------------

--
-- Table structure for table `activity_type`
--

CREATE TABLE `activity_type` (
  `activity_type_id` int(11) NOT NULL,
  `activity` varchar(255) NOT NULL,
  `type` varchar(255) NOT NULL,
  `module` varchar(255) NOT NULL,
  `body` text NOT NULL,
  `created_date` datetime NOT NULL,
  `last_modified_date` timestamp NOT NULL DEFAULT CURRENT_TIMESTAMP ON UPDATE CURRENT_TIMESTAMP
) ENGINE=MyISAM DEFAULT CHARSET=utf8;

--
-- Dumping data for table `activity_type`
--

INSERT INTO `activity_type` (`activity_type_id`, `activity`, `type`, `module`, `body`, `created_date`, `last_modified_date`) VALUES
(1, 'user_following', 'user_following', 'user', '%s is now following %s.', '2016-11-24 00:00:00', '2016-12-02 12:01:11'),
(2, 'following_you', 'following_you', 'user', '%s is following you.', '2016-11-24 00:00:00', '2016-12-02 12:01:05'),
(3, 'user_review_on_trip', 'user_review_on_trip', 'trip', '%s reviewed for trip %s.', '2016-11-25 00:00:00', '2016-12-02 12:01:00'),
(4, 'post_tip', 'post_tip', 'tip', '	\r\n%s post a tip in wishtips %s', '2016-12-02 00:00:00', '2016-12-02 11:58:32'),
(5, 'like_tip', 'like_tip', 'tip', '%s likes a Tip. %s', '2016-12-02 00:00:00', '2016-12-02 11:58:32'),
(6, 'like_tip_in_plane', 'like_tip_in_plane', 'tip', '%s likes a Tip %s in the plane.', '2016-12-02 00:00:00', '2016-12-02 12:00:37'),
(7, 'like_tip_in_location', 'like_tip_in_location', 'tip', '%s likes a Tip %s in perticular location.', '2016-12-02 00:00:00', '2016-12-02 12:00:37'),
(8, 'comment_tip', 'comment_tip', 'tip', '%s commented on a Tip. %s', '2016-12-02 00:00:00', '2016-12-02 12:00:37'),
(9, 'share_tip', 'share_tip', 'tip', '%s shared a Tip. %s', '2016-12-02 00:00:00', '2016-12-02 12:00:37'),
(11, 'bookmark_tip', 'bookmark_tip', 'tip', '%s bookmark a Tip. %s', '0000-00-00 00:00:00', '2017-01-06 12:35:59'),
(13, 'hide_tip', 'hide_tip', 'tip', '%s hidea Tip. %s', '2017-01-24 00:00:00', '2017-01-24 06:14:07');

-- --------------------------------------------------------

--
-- Table structure for table `banners`
--

CREATE TABLE `banners` (
  `banner_id` int(11) NOT NULL,
  `banner_image` varchar(50) DEFAULT NULL,
  `banner_link` varchar(50) DEFAULT NULL,
  `banner_size` varchar(25) DEFAULT NULL,
  `plans_duration_type` varchar(25) DEFAULT NULL,
  `plans_duration` int(11) NOT NULL,
  `start_date` datetime NOT NULL,
  `expiry_date` datetime NOT NULL,
  `views` int(11) NOT NULL,
  `user_id` int(11) NOT NULL,
  `amount` float NOT NULL,
  `item_number` text NOT NULL,
  `status` tinyint(2) NOT NULL DEFAULT '0',
  `payment_status` int(11) NOT NULL DEFAULT '0',
  `order` int(11) NOT NULL DEFAULT '999',
  `created_date` datetime NOT NULL
) ENGINE=InnoDB DEFAULT CHARSET=utf8;

-- --------------------------------------------------------

--
-- Table structure for table `batch`
--

CREATE TABLE `batch` (
  `batch_id` int(11) NOT NULL,
  `total_post` int(11) NOT NULL,
  `alot_bacth` varchar(100) NOT NULL,
  `created_date` datetime NOT NULL
) ENGINE=MyISAM DEFAULT CHARSET=latin1;

--
-- Dumping data for table `batch`
--

INSERT INTO `batch` (`batch_id`, `total_post`, `alot_bacth`, `created_date`) VALUES
(2, 5, '1481024516ywaX.png', '2016-12-06 11:41:56');

-- --------------------------------------------------------

--
-- Table structure for table `currency_converter`
--

CREATE TABLE `currency_converter` (
  `id` int(11) UNSIGNED NOT NULL,
  `from` varchar(5) NOT NULL,
  `to` varchar(5) NOT NULL,
  `rates` varchar(10) NOT NULL,
  `created` datetime NOT NULL,
  `modified` datetime NOT NULL
) ENGINE=InnoDB DEFAULT CHARSET=utf8;

--
-- Dumping data for table `currency_converter`
--

INSERT INTO `currency_converter` (`id`, `from`, `to`, `rates`, `created`, `modified`) VALUES
(1, 'USD', 'USD', '1', '2017-01-25 06:43:47', '2017-01-25 06:43:47'),
(2, 'USD', 'EUR', '0.929', '2017-03-20 00:20:02', '2017-03-20 00:20:02'),
(3, 'USD', 'GBP', '0.807', '2017-03-20 00:20:02', '2017-03-20 00:20:02'),
(4, 'USD', 'INR', '65.465', '2017-03-20 00:20:03', '2017-03-20 00:20:03'),
(5, 'USD', 'AUD', '1.294', '2017-03-20 00:20:04', '2017-03-20 00:20:04'),
(6, 'EUR', 'USD', '1.077', '2017-03-20 00:20:05', '2017-03-20 00:20:05'),
(7, 'EUR', 'EUR', '1', '2017-01-25 06:43:51', '2017-01-25 06:43:51'),
(8, 'EUR', 'GBP', '0.869', '2017-03-20 00:20:05', '2017-03-20 00:20:05'),
(9, 'EUR', 'INR', '70.476', '2017-03-20 00:20:06', '2017-03-20 00:20:06'),
(10, 'EUR', 'AUD', '1.393', '2017-03-20 00:20:06', '2017-03-20 00:20:06'),
(11, 'GBP', 'USD', '1.239', '2017-03-20 00:20:07', '2017-03-20 00:20:07'),
(12, 'GBP', 'EUR', '1.151', '2017-03-20 00:20:08', '2017-03-20 00:20:08'),
(13, 'GBP', 'GBP', '1', '2017-01-25 06:43:55', '2017-01-25 06:43:55'),
(14, 'GBP', 'INR', '81.071', '2017-03-20 00:20:09', '2017-03-20 00:20:09'),
(15, 'GBP', 'AUD', '1.603', '2017-03-20 00:20:09', '2017-03-20 00:20:09'),
(16, 'INR', 'USD', '0.015', '2017-03-20 00:20:10', '2017-03-20 00:20:10'),
(17, 'INR', 'EUR', '0.014', '2017-03-20 00:20:11', '2017-03-20 00:20:11'),
(18, 'INR', 'GBP', '0.012', '2017-03-20 00:20:12', '2017-03-20 00:20:12'),
(19, 'INR', 'INR', '1', '2017-01-25 06:43:59', '2017-01-25 06:43:59'),
(20, 'INR', 'AUD', '0.02', '2017-03-20 00:20:12', '2017-03-20 00:20:12'),
(21, 'AUD', 'USD', '0.773', '2017-03-20 00:20:13', '2017-03-20 00:20:13'),
(22, 'AUD', 'EUR', '0.718', '2017-03-20 00:20:14', '2017-03-20 00:20:14'),
(23, 'AUD', 'GBP', '0.624', '2017-03-20 00:20:14', '2017-03-20 00:20:14'),
(24, 'AUD', 'INR', '50.604', '2017-03-20 00:20:15', '2017-03-20 00:20:15'),
(25, 'AUD', 'AUD', '1', '2017-01-25 06:44:06', '2017-01-25 06:44:06');

-- --------------------------------------------------------

--
-- Table structure for table `discover_trips`
--

CREATE TABLE `discover_trips` (
  `discover_trip_id` int(11) NOT NULL,
  `location` varchar(100) NOT NULL,
  `picture` varchar(100) NOT NULL,
  `order` tinyint(2) NOT NULL DEFAULT '99'
) ENGINE=InnoDB DEFAULT CHARSET=latin1;

--
-- Dumping data for table `discover_trips`
--

INSERT INTO `discover_trips` (`discover_trip_id`, `location`, `picture`, `order`) VALUES
(1, 'India', '1479391421Sabk.jpg', 5),
(2, 'Goa, India', '1479391437RZBk.jpg', 4),
(3, 'London, United Kingdom', '1479391454r0O1.jpg', 1),
(4, 'Wellington, New Zealand', '1479391465cXhe.png', 2),
(5, 'Switzerland', '1479391484CKUe.jpg', 3);

-- --------------------------------------------------------

--
-- Table structure for table `favorite_trips`
--

CREATE TABLE `favorite_trips` (
  `favorite_trip_id` int(11) NOT NULL,
  `title` varchar(100) NOT NULL,
  `picture` varchar(100) NOT NULL,
  `check_in` datetime NOT NULL,
  `check_out` datetime NOT NULL,
  `location` varchar(100) NOT NULL,
  `order` tinyint(2) NOT NULL DEFAULT '99'
) ENGINE=InnoDB DEFAULT CHARSET=latin1;

--
-- Dumping data for table `favorite_trips`
--

INSERT INTO `favorite_trips` (`favorite_trip_id`, `title`, `picture`, `check_in`, `check_out`, `location`, `order`) VALUES
(1, 'Mumbai Trip', '1479391180sHNg.jpg', '2016-11-01 00:00:00', '2016-11-30 00:00:00', 'Mumbai, Maharashtra, India', 1),
(2, 'Goa Trip', '1479391215srpt.jpg', '2016-11-01 00:00:00', '2016-11-30 00:00:00', 'Goa, India', 2),
(3, 'India Trip', '1479391246Ac9g.jpg', '2016-11-01 00:00:00', '2016-11-30 00:00:00', 'India', 3),
(4, 'London Trip', '14793912651EtF.jpg', '2016-11-01 00:00:00', '2016-11-30 00:00:00', 'London, United Kingdom', 4),
(5, 'Switzerland Trip', '1479391291CQ2x.jpg', '2016-11-01 00:00:00', '2016-11-30 00:00:00', 'Bern, Switzerland', 5),
(6, 'New Zealand Trip', '1479391312bsUO.jpg', '2016-11-01 00:00:00', '2016-11-30 00:00:00', 'Auckland, New Zealand', 6);

-- --------------------------------------------------------

--
-- Table structure for table `manage_advertisment`
--

CREATE TABLE `manage_advertisment` (
  `advertisment_id` int(11) NOT NULL,
  `title` varchar(100) NOT NULL,
  `image` varchar(100) NOT NULL,
  `link` varchar(100) NOT NULL,
  `type` varchar(25) NOT NULL,
  `expiry_date` datetime NOT NULL,
  `status` tinyint(4) NOT NULL DEFAULT '0',
  `order` int(11) NOT NULL DEFAULT '999',
  `created_date` datetime NOT NULL
) ENGINE=MyISAM DEFAULT CHARSET=latin1;

--
-- Dumping data for table `manage_advertisment`
--

INSERT INTO `manage_advertisment` (`advertisment_id`, `title`, `image`, `link`, `type`, `expiry_date`, `status`, `order`, `created_date`) VALUES
(1, 'Test1', '1481011539G5yA.jpg', 'http://risensys.com/rudi/tipsandgo', 'banners', '2017-12-31 00:00:00', 0, 1, '2016-12-03 12:39:26'),
(8, 'Test2', '1481011836AUfb.jpg', 'http://risensys.com/rudi/tipsandgo', 'banners', '2017-12-31 00:00:00', 0, 2, '2016-12-03 14:16:18'),
(4, 'Test', '14810071491Fi2.jpg', 'http://risensys.com/rudi/tipsandgo', 'advertisement', '2017-12-31 00:00:00', 1, 999, '2016-12-03 12:50:03'),
(5, 'Test2', '1481007175w1vC.jpg', 'http://risensys.com/rudi/tipsandgo', 'advertisement', '2017-12-31 00:00:00', 1, 999, '2016-12-03 12:50:23'),
(6, 'Test3', '1481007227hXGk.jpg', 'http://risensys.com/rudi/tipsandgo', 'advertisement', '2017-12-31 00:00:00', 1, 999, '2016-12-03 12:50:43');

-- --------------------------------------------------------

--
-- Table structure for table `manage_credit_points`
--

CREATE TABLE `manage_credit_points` (
  `credit_points_id` int(11) NOT NULL,
  `credit_point` int(11) NOT NULL,
  `total_picture` int(11) NOT NULL,
  `created_date` datetime NOT NULL
) ENGINE=MyISAM DEFAULT CHARSET=latin1;

--
-- Dumping data for table `manage_credit_points`
--

INSERT INTO `manage_credit_points` (`credit_points_id`, `credit_point`, `total_picture`, `created_date`) VALUES
(2, 1, 10, '2016-12-05 12:51:19');

-- --------------------------------------------------------

--
-- Table structure for table `message`
--

CREATE TABLE `message` (
  `message_id` int(11) NOT NULL,
  `from` int(11) NOT NULL,
  `to` int(11) NOT NULL,
  `message` text NOT NULL,
  `image` varchar(100) NOT NULL,
  `doc` varchar(100) NOT NULL,
  `read` tinyint(2) NOT NULL DEFAULT '0',
  `status` tinyint(2) NOT NULL DEFAULT '0',
  `created_date` datetime NOT NULL
) ENGINE=InnoDB DEFAULT CHARSET=latin1;

--
-- Dumping data for table `message`
--

INSERT INTO `message` (`message_id`, `from`, `to`, `message`, `image`, `doc`, `read`, `status`, `created_date`) VALUES
(1, 1, 2, 'hdghfgh', '14803438387B04.jpg', '1480343838dryQ.txt', 0, 0, '2016-11-28 15:37:18'),
(2, 1, 2, 'Hello', '1480399703q0AF.jpg', '1480399703pqdi.php', 0, 0, '2016-11-29 07:08:23'),
(3, 1, 3, 'hii, how are you', '1480399767GOCI.PNG', '1480399767CGT9.zip', 0, 0, '2016-11-29 07:09:27'),
(4, 2, 3, 'hiiii,where are you', '1480400195MjZL.png', '', 0, 0, '2016-11-29 07:16:35'),
(5, 2, 3, 'hi, helllo dubai', '1480403291MMqX.jpg', '', 0, 0, '2016-11-29 08:08:11'),
(6, 3, 2, 'Hi test test.', '1480406493Fugt.png', '', 0, 0, '2016-11-29 09:01:33'),
(8, 3, 2, 'deve test', '1480420826fHXS.jpg', '1480420826QoT9.txt', 0, 0, '2016-11-29 13:00:26'),
(9, 3, 1, 'hi how r u.', '14804208672BXx.jpg', '1480420867MTSo.txt', 0, 0, '2016-11-29 13:01:07'),
(10, 2, 3, 'Hi mail', '1480421912d1ru.jpg', '', 0, 0, '2016-11-29 13:18:32'),
(11, 3, 2, 'testing', '1480424629ZI9F.jpg', '148042462901Zm.txt', 0, 0, '2016-11-29 14:03:49'),
(12, 2, 3, 'i have recieve ur msg.', '1480424713Yj4o.jpg', '1480424713lGAB.txt', 0, 0, '2016-11-29 14:05:13'),
(13, 3, 2, 'test', '', '', 0, 0, '2016-12-01 09:02:53'),
(14, 1, 2, '<font', '', '', 0, 0, '2016-12-01 11:28:27'),
(15, 1, 2, 'dsfgresf re ', '', '', 0, 0, '2016-12-01 11:28:37'),
(16, 1, 2, 'tgfrty rt ', '', '', 0, 0, '2016-12-01 11:28:43'),
(17, 1, 3, 'Fine but the connection is bad', '', '', 0, 0, '2016-12-04 00:12:45'),
(18, 1, 3, 'Test', '', '', 0, 0, '2016-12-05 16:44:32'),
(19, 1, 3, 'Test', '', '', 0, 0, '2017-01-27 16:51:00'),
(20, 11, 1, 'Hi', '', '', 0, 0, '2017-01-29 15:24:43'),
(21, 1, 11, 'gg', '1489834797d65H.jpg', '', 0, 0, '2017-03-18 05:59:57'),
(22, 1, 3, 'hello\r\n', '', '', 0, 0, '2017-03-20 07:42:29');

-- --------------------------------------------------------

--
-- Table structure for table `notifications`
--

CREATE TABLE `notifications` (
  `notification_id` int(11) NOT NULL,
  `user_id` int(11) NOT NULL,
  `subject_type_id` int(11) NOT NULL,
  `subject_id` int(11) NOT NULL,
  `object_type` int(11) NOT NULL,
  `object_id` bigint(20) NOT NULL,
  `notification_type_id` int(11) NOT NULL,
  `params` text NOT NULL,
  `read` int(11) NOT NULL,
  `image_ids` varchar(255) NOT NULL,
  `joinee_user_id` int(11) NOT NULL DEFAULT '0',
  `resource_type` varchar(255) NOT NULL DEFAULT 'webserver',
  `created_by` int(11) NOT NULL,
  `modified_by` int(11) NOT NULL,
  `created_date` datetime NOT NULL,
  `last_modified_date` timestamp NOT NULL DEFAULT CURRENT_TIMESTAMP ON UPDATE CURRENT_TIMESTAMP
) ENGINE=MyISAM DEFAULT CHARSET=utf8;

--
-- Dumping data for table `notifications`
--

INSERT INTO `notifications` (`notification_id`, `user_id`, `subject_type_id`, `subject_id`, `object_type`, `object_id`, `notification_type_id`, `params`, `read`, `image_ids`, `joinee_user_id`, `resource_type`, `created_by`, `modified_by`, `created_date`, `last_modified_date`) VALUES
(196, 1, 1, 6, 1, 1, 1, '', 0, '', 0, 'webserver', 0, 0, '2017-01-17 00:40:36', '2017-01-17 06:40:36'),
(301, 6, 3, 6, 3, 45, 9, '', 0, '', 0, 'webserver', 0, 0, '2017-03-18 01:37:28', '2017-03-18 06:37:28'),
(286, 1, 3, 11, 3, 30, 11, '', 0, '', 0, 'webserver', 0, 0, '2017-01-29 15:36:11', '2017-01-29 21:36:11'),
(287, 6, 3, 11, 3, 45, 6, '', 0, '', 0, 'webserver', 0, 0, '2017-02-01 23:14:10', '2017-02-02 05:14:10'),
(250, 6, 1, 1, 1, 6, 2, '', 0, '', 0, 'webserver', 0, 0, '2017-01-24 06:19:01', '2017-01-24 12:19:01'),
(25, 3, 1, 2, 1, 3, 2, '', 0, '', 0, 'webserver', 0, 0, '2016-11-29 07:15:40', '2016-11-29 06:15:40'),
(26, 3, 1, 2, 1, 3, 1, '', 0, '', 0, 'webserver', 0, 0, '2016-11-29 07:15:40', '2016-11-29 06:15:40'),
(27, 2, 1, 3, 1, 2, 2, '', 0, '', 0, 'webserver', 0, 0, '2016-11-29 09:00:57', '2016-11-29 08:00:57'),
(28, 2, 1, 3, 1, 2, 1, '', 0, '', 0, 'webserver', 0, 0, '2016-11-29 09:00:57', '2016-11-29 08:00:57'),
(251, 6, 1, 1, 1, 6, 1, '', 0, '', 0, 'webserver', 0, 0, '2017-01-24 06:19:01', '2017-01-24 12:19:01'),
(30, 2, 3, 2, 3, 2, 2, '', 0, '1480683665pcBD.jpg,1480683665rpPz.jpg,14806836656i3w.jpg', 0, 'webserver', 0, 0, '2016-12-02 13:01:05', '2016-12-02 13:01:05'),
(31, 3, 3, 3, 3, 3, 2, '', 0, '14806839907xZx.jpg,1480683990YvgP.jpg,1480683990Nyjc.jpg,1480683990vWIy.jpg,1480683990MstQ.jpg', 0, 'webserver', 0, 0, '2016-12-02 13:06:30', '2016-12-02 13:06:30'),
(291, 1, 1, 11, 1, 1, 1, '', 0, '', 0, 'webserver', 0, 0, '2017-02-03 20:35:52', '2017-02-04 02:35:52'),
(279, 6, 3, 1, 3, 27, 8, '', 0, '', 0, 'webserver', 0, 0, '2017-01-28 21:53:51', '2017-01-29 03:53:51'),
(280, 6, 1, 11, 1, 6, 2, '', 0, '', 0, 'webserver', 0, 0, '2017-01-29 15:16:56', '2017-01-29 21:16:56'),
(262, 45, 3, 6, 3, 45, 2, '', 0, '1485351021Gjro.jpg,1485351022AbQ0.jpg,14853510564cYb.jpg,1485351113BAdv.jpg', 0, 'webserver', 0, 0, '2017-01-25 07:32:15', '2017-01-25 13:32:15'),
(281, 6, 1, 11, 1, 6, 1, '', 0, '', 0, 'webserver', 0, 0, '2017-01-29 15:16:56', '2017-01-29 21:16:56'),
(42, 2, 3, 1, 3, 2, 10, '', 0, '', 0, 'webserver', 0, 0, '2016-12-02 14:26:09', '2016-12-02 14:26:09'),
(43, 3, 3, 3, 3, 3, 10, '', 0, '', 0, 'webserver', 0, 0, '2016-12-03 08:25:32', '2016-12-03 08:25:32'),
(55, 2, 3, 1, 3, 2, 10, '', 0, '', 0, 'webserver', 0, 0, '2016-12-03 11:05:27', '2016-12-03 11:05:27'),
(289, 6, 3, 11, 3, 38, 6, '', 0, '', 0, 'webserver', 0, 0, '2017-02-03 12:48:57', '2017-02-03 18:48:57'),
(288, 6, 3, 11, 3, 45, 8, '', 0, '', 0, 'webserver', 0, 0, '2017-02-03 12:48:47', '2017-02-03 18:48:47'),
(136, 6, 3, 2, 3, 11, 11, '', 0, '', 0, 'webserver', 0, 0, '2017-01-07 04:13:12', '2017-01-07 10:13:12'),
(135, 9, 3, 2, 3, 12, 11, '', 0, '', 0, 'webserver', 0, 0, '2017-01-07 04:13:05', '2017-01-07 10:13:05'),
(194, 6, 3, 6, 3, 27, 9, '', 0, '', 0, 'webserver', 0, 0, '2017-01-17 00:24:12', '2017-01-17 06:24:12'),
(195, 1, 1, 6, 1, 1, 2, '', 0, '', 0, 'webserver', 0, 0, '2017-01-17 00:40:36', '2017-01-17 06:40:36'),
(285, 11, 1, 1, 1, 11, 1, '', 0, '', 0, 'webserver', 0, 0, '2017-01-29 15:26:02', '2017-01-29 21:26:02'),
(182, 27, 3, 6, 3, 27, 2, '', 0, '', 0, 'webserver', 0, 0, '2017-01-16 07:40:52', '2017-01-16 13:40:52'),
(252, 9, 3, 1, 3, 12, 8, '', 0, '', 0, 'webserver', 0, 0, '2017-01-24 18:46:41', '2017-01-25 00:46:41'),
(240, 6, 3, 6, 3, 36, 6, '', 0, '', 0, 'webserver', 0, 0, '2017-01-24 01:09:37', '2017-01-24 07:09:37'),
(277, 2, 3, 1, 3, 2, 7, '', 0, '', 0, 'webserver', 0, 0, '2017-01-28 14:16:35', '2017-01-28 20:16:35'),
(210, 6, 3, 1, 3, 10, 9, '', 0, '', 0, 'webserver', 0, 0, '2017-01-21 09:03:44', '2017-01-21 15:03:44'),
(247, 3, 3, 6, 3, 3, 9, '', 0, '', 0, 'webserver', 0, 0, '2017-01-24 03:49:35', '2017-01-24 09:49:35'),
(239, 6, 3, 6, 3, 36, 11, '', 0, '', 0, 'webserver', 0, 0, '2017-01-24 01:08:44', '2017-01-24 07:08:44'),
(238, 36, 3, 6, 3, 36, 2, '', 0, '1485241528a0F7.jpg', 0, 'webserver', 0, 0, '2017-01-24 01:05:28', '2017-01-24 07:05:28'),
(214, 30, 3, 1, 3, 30, 2, '', 0, '', 0, 'webserver', 0, 0, '2017-01-21 09:20:51', '2017-01-21 15:20:51'),
(258, 6, 3, 1, 3, 39, 8, '', 0, '', 0, 'webserver', 0, 0, '2017-01-25 07:12:15', '2017-01-25 13:12:15'),
(290, 1, 1, 11, 1, 1, 2, '', 0, '', 0, 'webserver', 0, 0, '2017-02-03 20:35:52', '2017-02-04 02:35:52'),
(284, 11, 1, 1, 1, 11, 2, '', 0, '', 0, 'webserver', 0, 0, '2017-01-29 15:26:02', '2017-01-29 21:26:02'),
(133, 9, 3, 1, 3, 12, 6, '', 0, '', 0, 'webserver', 0, 0, '2017-01-07 03:52:54', '2017-01-07 09:52:54'),
(253, 6, 3, 1, 3, 39, 11, '', 0, '', 0, 'webserver', 0, 0, '2017-01-24 22:53:27', '2017-01-25 04:53:27'),
(241, 6, 3, 6, 3, 36, 7, '', 0, '', 0, 'webserver', 0, 0, '2017-01-24 01:09:38', '2017-01-24 07:09:38'),
(242, 6, 3, 6, 3, 36, 8, '', 0, '', 0, 'webserver', 0, 0, '2017-01-24 01:09:39', '2017-01-24 07:09:39'),
(243, 37, 3, 1, 3, 37, 2, '', 0, '1485241913AMMB.jpg', 0, 'webserver', 0, 0, '2017-01-24 01:11:53', '2017-01-24 07:11:53'),
(244, 38, 3, 6, 3, 38, 2, '', 0, '', 0, 'webserver', 0, 0, '2017-01-24 02:24:33', '2017-01-24 08:24:33'),
(245, 39, 3, 6, 3, 39, 2, '', 0, '1485250083zU1K.jpg', 0, 'webserver', 0, 0, '2017-01-24 03:28:03', '2017-01-24 09:28:03'),
(108, 10, 3, 6, 3, 10, 2, '', 0, '', 0, 'webserver', 0, 0, '2017-01-04 01:01:51', '2017-01-04 07:01:51'),
(109, 11, 3, 6, 3, 11, 2, '', 0, '', 0, 'webserver', 0, 0, '2017-01-04 01:05:49', '2017-01-04 07:05:49'),
(110, 12, 3, 9, 3, 12, 2, '', 0, '', 0, 'webserver', 0, 0, '2017-01-04 01:48:42', '2017-01-04 07:48:42'),
(111, 9, 3, 1, 3, 12, 7, '', 0, '', 0, 'webserver', 0, 0, '2017-01-05 19:15:42', '2017-01-06 01:15:42'),
(300, 52, 3, 6, 3, 52, 2, '', 0, '', 0, 'webserver', 0, 0, '2017-03-18 01:26:37', '2017-03-18 06:26:37'),
(293, 9, 3, 11, 3, 12, 8, '', 0, '', 0, 'webserver', 0, 0, '2017-02-06 21:39:48', '2017-02-07 03:39:48'),
(294, 6, 3, 11, 3, 38, 7, '', 0, '', 0, 'webserver', 0, 0, '2017-02-06 22:31:08', '2017-02-07 04:31:08'),
(295, 9, 3, 11, 3, 12, 6, '', 0, '', 0, 'webserver', 0, 0, '2017-02-08 16:38:43', '2017-02-08 22:38:43'),
(296, 1, 3, 11, 3, 30, 7, '', 0, '', 0, 'webserver', 0, 0, '2017-02-16 19:02:24', '2017-02-17 01:02:24'),
(302, 6, 3, 6, 3, 45, 9, '', 0, '', 0, 'webserver', 0, 0, '2017-03-18 01:37:39', '2017-03-18 06:37:39'),
(330, 9, 1, 1, 1, 9, 1, '', 0, '', 0, 'webserver', 0, 0, '2017-04-13 11:35:25', '2017-04-13 09:35:25'),
(329, 9, 1, 1, 1, 9, 2, '', 0, '', 0, 'webserver', 0, 0, '2017-04-13 11:35:25', '2017-04-13 09:35:25'),
(334, 3, 1, 1, 1, 3, 1, '', 0, '', 0, 'webserver', 0, 0, '2017-04-14 15:58:33', '2017-04-14 13:58:33'),
(333, 3, 1, 1, 1, 3, 2, '', 0, '', 0, 'webserver', 0, 0, '2017-04-14 15:58:33', '2017-04-14 13:58:33'),
(341, 6, 3, 1, 3, 38, 11, '', 0, '', 0, 'webserver', 0, 0, '2017-04-21 03:56:06', '2017-04-21 01:56:06'),
(337, 9, 3, 1, 3, 12, 9, '', 0, '', 0, 'webserver', 0, 0, '2017-04-21 01:53:46', '2017-04-20 23:53:46'),
(338, 9, 3, 1, 3, 12, 9, '', 0, '', 0, 'webserver', 0, 0, '2017-04-21 01:53:57', '2017-04-20 23:53:57');

-- --------------------------------------------------------

--
-- Table structure for table `notification_type`
--

CREATE TABLE `notification_type` (
  `notification_type_id` int(11) NOT NULL,
  `type` varchar(255) NOT NULL,
  `module` varchar(255) NOT NULL,
  `body` text NOT NULL,
  `resource_type` varchar(50) NOT NULL DEFAULT 'webserver',
  `created_date` datetime NOT NULL,
  `last_modified_date` timestamp NOT NULL DEFAULT CURRENT_TIMESTAMP ON UPDATE CURRENT_TIMESTAMP
) ENGINE=MyISAM DEFAULT CHARSET=utf8;

--
-- Dumping data for table `notification_type`
--

INSERT INTO `notification_type` (`notification_type_id`, `type`, `module`, `body`, `resource_type`, `created_date`, `last_modified_date`) VALUES
(1, 'user_following', 'user', '%s is now following %s.', 'webserver', '2016-11-24 00:00:00', '2016-11-23 11:37:52'),
(2, 'following_you', 'user', '%s is following you.', 'webserver', '2016-11-24 00:00:00', '2016-11-23 11:37:52'),
(3, 'user_review_on_trip', 'trip', '%s reviewed on trip %s.', 'webserver', '2016-11-25 00:00:00', '2016-11-25 11:16:44'),
(4, 'review_your_trip', 'trip', '%s reviewed on your trip %s.', 'webserver', '2016-11-25 00:00:00', '2016-11-25 11:16:26'),
(5, 'post_tip', 'tip', '%s post a tip in wishtips %s', 'webserver', '2016-12-01 00:00:00', '2016-12-02 05:49:28'),
(6, 'like_tip', 'tip', '%s likes a Tip. %s', 'webserver', '2016-12-02 00:00:00', '2016-12-02 06:01:10'),
(7, 'like_tip_in_plane', 'tip', '%s likes a Tip %s in plane.', 'webserver', '0000-00-00 00:00:00', '2016-12-02 06:18:49'),
(8, 'like_tip_in_location', 'tip', '%s likes a Tip %s in perticular location.\r\n', 'webserver', '2016-12-02 00:00:00', '2016-12-02 06:02:35'),
(9, 'comment_tip', 'tip', '%s commented on a Tip. %s', 'webserver', '2016-12-02 00:00:00', '2016-12-02 06:15:06'),
(10, 'share_tip', 'tip', '%s shared a Tip. %s', 'webserver', '2016-12-02 00:00:00', '2016-12-02 06:15:06'),
(11, 'bookmark_tip', 'tip', '%s bookmark a Tip. %s', 'webserver', '0000-00-00 00:00:00', '2017-01-06 12:36:53');

-- --------------------------------------------------------

--
-- Table structure for table `object_types`
--

CREATE TABLE `object_types` (
  `obj_type_id` int(11) NOT NULL,
  `name` varchar(255) NOT NULL,
  `resource_type` varchar(50) NOT NULL DEFAULT 'webserver',
  `created_date` datetime NOT NULL,
  `last_modified_date` timestamp NOT NULL DEFAULT CURRENT_TIMESTAMP ON UPDATE CURRENT_TIMESTAMP
) ENGINE=InnoDB DEFAULT CHARSET=utf8;

--
-- Dumping data for table `object_types`
--

INSERT INTO `object_types` (`obj_type_id`, `name`, `resource_type`, `created_date`, `last_modified_date`) VALUES
(1, 'user', 'webserver', '0000-00-00 00:00:00', '0000-00-00 00:00:00'),
(2, 'trip', 'webserver', '0000-00-00 00:00:00', '0000-00-00 00:00:00'),
(3, 'tip', 'webserver', '2016-12-02 00:00:00', '2016-12-02 12:05:05');

-- --------------------------------------------------------

--
-- Table structure for table `photos`
--

CREATE TABLE `photos` (
  `photo_id` int(11) NOT NULL,
  `user_id` int(11) NOT NULL,
  `trip_id` int(11) NOT NULL,
  `file_name` varchar(255) COLLATE utf8_unicode_ci NOT NULL,
  `is_deleted` tinyint(2) NOT NULL DEFAULT '1',
  `uploaded_time` datetime NOT NULL
) ENGINE=InnoDB DEFAULT CHARSET=utf8 COLLATE=utf8_unicode_ci;

--
-- Dumping data for table `photos`
--

INSERT INTO `photos` (`photo_id`, `user_id`, `trip_id`, `file_name`, `is_deleted`, `uploaded_time`) VALUES
(1, 1, 1, '1478566735_cabin.png', 1, '2016-11-08 01:58:55'),
(2, 1, 1, '1478566735_cake.png', 1, '2016-11-08 01:58:55'),
(3, 1, 2, '1478567277_game.png', 1, '2016-11-08 02:07:57'),
(4, 1, 2, '1478567277_safe.png', 1, '2016-11-08 02:07:57'),
(5, 1, 2, '1478567277_submarine.png', 1, '2016-11-08 02:07:57'),
(6, 1, 3, '1478567438_profile.png', 1, '2016-11-08 02:10:38'),
(7, 1, 4, 'fav_item_img_02.jpg', 1, '2016-11-08 04:06:00'),
(8, 1, 4, '1478574360_circus.png', 1, '2016-11-08 04:06:00'),
(9, 1, 6, 'fav_item_img_04.jpg', 1, '2016-11-08 20:12:10'),
(10, 1, 7, 'dis_adv_03.jpg', 1, '2016-11-08 20:49:46'),
(11, 1, 7, 'fav_item_img_01.jpg', 1, '2016-11-08 20:49:46'),
(12, 2, 8, 'dis_adv_02.jpg', 1, '2016-11-08 22:52:13'),
(13, 2, 8, '1478641934_images.jpg', 1, '2016-11-08 22:52:14'),
(14, 1, 0, '1478879793_cabin.png', 1, '2016-11-11 16:56:33'),
(15, 1, 0, '1478879793_circus.png', 1, '2016-11-11 16:56:33'),
(16, 1, 0, '1478879793_game.png', 1, '2016-11-11 16:56:33'),
(17, 1, 0, '1478879794_safe.png', 1, '2016-11-11 16:56:34'),
(18, 1, 0, '1478879794_submarine.png', 1, '2016-11-11 16:56:34'),
(19, 1, 0, '1479282760aTjp.jpg', 1, '2016-11-16 08:52:40'),
(20, 1, 0, '1479282760NRgC.jpg', 1, '2016-11-16 08:52:40'),
(21, 1, 0, '1479282760zGCd.jpg', 1, '2016-11-16 08:52:40'),
(22, 1, 0, '1479282760dmIc.jpg', 1, '2016-11-16 08:52:40'),
(23, 1, 9, '1479282859zx3V.jpg', 1, '2016-11-16 08:54:19'),
(24, 1, 9, '1479282859gL5Z.jpg', 1, '2016-11-16 08:54:19'),
(25, 1, 0, '147957439172Vr.png', 1, '2016-11-19 16:53:11'),
(26, 1, 0, '14795832635wMU.jpeg', 1, '2016-11-19 19:21:03'),
(34, 1, 0, '1479901909wdW9.png', 1, '2016-11-23 11:51:49'),
(35, 1, 0, '1479901909K5S3.jpg', 1, '2016-11-23 11:51:49'),
(36, 1, 0, '1479901909y98T.jpg', 1, '2016-11-23 11:51:49'),
(37, 1, 0, '14799019095Ce4.jpg', 1, '2016-11-23 11:51:49'),
(38, 1, 0, '1479901992D7wz.jpg', 1, '2016-11-23 11:53:12'),
(39, 1, 0, '1479901993OASO.jpg', 1, '2016-11-23 11:53:13'),
(40, 1, 0, '1479901993g1TX.jpg', 1, '2016-11-23 11:53:13'),
(41, 1, 0, '1479901993LTeb.jpg', 1, '2016-11-23 11:53:13'),
(42, 1, 0, '1479901995wlSg.gif', 1, '2016-11-23 11:53:15'),
(43, 1, 0, '1479902020qKjZ.jpg', 1, '2016-11-23 11:53:47'),
(44, 1, 0, '1479902247UsT0.jpg', 1, '2016-11-23 11:57:27'),
(45, 1, 0, '1479902248574I.jpg', 1, '2016-11-23 11:57:28'),
(46, 1, 0, '1479902248eBi2.jpg', 1, '2016-11-23 11:57:28'),
(47, 1, 0, '1479902248baRs.jpg', 1, '2016-11-23 11:57:28'),
(48, 1, 0, '1479902250cKpX.png', 1, '2016-11-23 11:57:30'),
(49, 1, 0, '1479902250EE9a.gif', 1, '2016-11-23 11:57:30'),
(50, 1, 0, '1479902251Z1rq.png', 1, '2016-11-23 11:57:31'),
(51, 1, 0, '1479902272MKpH.jpg', 1, '2016-11-23 11:57:52'),
(52, 1, 0, '1479902272djHi.png', 1, '2016-11-23 11:57:52'),
(53, 1, 0, '1479902273qL1F.png', 1, '2016-11-23 11:57:53'),
(54, 1, 0, '1479902273nkIz.jpg', 1, '2016-11-23 11:57:53'),
(55, 1, 0, '1479902274uz1H.jpg', 1, '2016-11-23 11:57:54'),
(56, 1, 0, '1479902274krEY.jpg', 1, '2016-11-23 11:57:54'),
(57, 1, 0, '14799022745O95.jpg', 1, '2016-11-23 11:57:54'),
(58, 1, 0, '1479902274QAvC.jpg', 1, '2016-11-23 11:57:54'),
(59, 1, 0, '1479902274lVjz.png', 1, '2016-11-23 11:57:54'),
(60, 1, 0, '1479902275f0RF.jpg', 1, '2016-11-23 11:57:55'),
(61, 1, 0, '1479902276MTla.gif', 1, '2016-11-23 11:57:56'),
(62, 1, 0, '1479902277e3KI.jpg', 1, '2016-11-23 11:57:57'),
(63, 1, 0, '1479902278CMpX.jpg', 1, '2016-11-23 11:57:58'),
(64, 1, 0, '14799023083RYn.jpg', 1, '2016-11-23 11:58:45'),
(65, 1, 0, '1479902325d4Wj.jpg', 1, '2016-11-23 11:58:55'),
(66, 1, 0, '1479902335NePM.jpg', 1, '2016-11-23 11:58:55'),
(67, 1, 0, '1479902335S5oJ.jpg', 1, '2016-11-23 11:58:55'),
(68, 1, 0, '1479902336xERC.jpg', 1, '2016-11-23 11:58:56'),
(69, 1, 0, '1479902336GUl2.jpg', 1, '2016-11-23 11:58:56'),
(70, 1, 0, '1479902336QFB5.png', 1, '2016-11-23 11:58:56'),
(71, 1, 0, '1479902336GtKt.jpg', 1, '2016-11-23 11:58:56'),
(72, 1, 0, '1479902338n5DB.png', 1, '2016-11-23 11:58:58'),
(73, 1, 0, '14799023389nkM.jpg', 1, '2016-11-23 11:58:58'),
(74, 1, 0, '14799023389KJn.jpg', 1, '2016-11-23 11:58:58'),
(75, 1, 0, '1479902338OFGH.jpg', 1, '2016-11-23 11:58:58'),
(76, 1, 0, '1479902338L4qs.png', 1, '2016-11-23 11:58:58'),
(77, 1, 0, '1479902338ZMuP.png', 1, '2016-11-23 11:58:58'),
(78, 1, 0, '1479902338s6U8.jpg', 1, '2016-11-23 11:58:58'),
(79, 1, 0, '1479902339zFCW.jpg', 1, '2016-11-23 11:58:59'),
(80, 1, 0, '1479902339LfyU.jpg', 1, '2016-11-23 11:58:59'),
(81, 1, 0, '1479902339DSGN.jpg', 1, '2016-11-23 11:58:59'),
(82, 1, 0, '1479902339Cqar.jpg', 1, '2016-11-23 11:58:59'),
(83, 1, 0, '14799023406Q9S.gif', 1, '2016-11-23 11:59:00'),
(84, 1, 0, '1479902340VAkU.jpg', 1, '2016-11-23 11:59:00'),
(85, 1, 0, '1479902340k3zl.png', 1, '2016-11-23 11:59:00'),
(86, 1, 0, '1479902340mPJP.jpg', 1, '2016-11-23 11:59:00'),
(87, 1, 0, '1479902340VEYv.jpg', 1, '2016-11-23 11:59:00'),
(88, 1, 0, '1479902340jAs4.jpg', 1, '2016-11-23 11:59:00'),
(89, 1, 0, '1479902340P0Yt.png', 1, '2016-11-23 11:59:00'),
(90, 1, 0, '1479902341TFgv.jpg', 1, '2016-11-23 11:59:01'),
(92, 1, 0, '1479902364h54d.jpg', 1, '2016-11-23 11:59:24'),
(93, 1, 0, '1479902366Fo82.jpg', 1, '2016-11-23 11:59:26'),
(94, 1, 0, '1479902410yn38.jpg', 1, '2016-11-23 12:00:10'),
(95, 3, 10, '1480591146UeVP.jpg', 1, '2016-12-01 11:19:06'),
(96, 3, 10, '1480591146PVh2.jpeg', 1, '2016-12-01 11:19:06'),
(97, 1, 0, '1481615832QZ9E.png', 1, '2016-12-13 07:57:12'),
(101, 1, 0, '1485342159VFwt.JPG', 0, '2017-01-25 05:02:39'),
(102, 1, 0, '1485342166ttfG.JPG', 0, '2017-01-25 05:02:48'),
(103, 1, 0, '1485342173wKKD.JPG', 0, '2017-01-25 05:02:54'),
(104, 1, 0, '1485342500L2JN.png', 0, '2017-01-25 05:08:21'),
(105, 1, 0, '1485342501kmir.jpg', 0, '2017-01-25 05:08:23'),
(106, 1, 0, '1485343271Ze2c.jpg', 0, '2017-01-25 05:21:17'),
(107, 1, 0, '1485343379rUT4.jpg', 0, '2017-01-25 05:23:04'),
(108, 1, 0, '1485350043nagD.JPG', 0, '2017-01-25 07:14:03'),
(109, 1, 0, '1485350366A3vU.JPG', 0, '2017-01-25 07:19:26'),
(110, 6, 0, '1485351021Gjro.jpg', 0, '2017-01-25 07:30:21'),
(111, 6, 0, '1485351022AbQ0.jpg', 0, '2017-01-25 07:30:23'),
(112, 6, 0, '14853510564cYb.jpg', 0, '2017-01-25 07:30:59'),
(113, 6, 0, '1485351113BAdv.jpg', 0, '2017-01-25 07:31:53'),
(114, 1, 0, '1485351874hbqD.jpg', 0, '2017-01-25 07:44:34'),
(115, 1, 0, '1485351877rC4r.jpg', 0, '2017-01-25 07:44:37'),
(116, 1, 0, '14853518891xED.jpg', 0, '2017-01-25 07:44:49'),
(117, 1, 0, '1485354500paCB.png', 0, '2017-01-25 08:28:20'),
(118, 1, 0, '1485354512S6r7.jpg', 0, '2017-01-25 08:28:32'),
(119, 1, 0, '1485354606HkGp.jpg', 0, '2017-01-25 08:30:06'),
(120, 1, 0, '1485354673kogj.jpg', 0, '2017-01-25 08:31:13'),
(121, 1, 0, '1485355471atnc.JPG', 0, '2017-01-25 08:44:32'),
(122, 1, 0, '1485440199adSH.JPG', 0, '2017-01-26 08:16:40'),
(123, 1, 0, '1485440234bfdN.JPG', 0, '2017-01-26 08:17:15'),
(124, 1, 0, '14854403538tI5.JPG', 0, '2017-01-26 08:19:15'),
(125, 1, 0, '1485526226GwFP.JPG', 0, '2017-01-27 08:10:26'),
(126, 1, 0, '1485526228UtpZ.JPG', 0, '2017-01-27 08:10:28'),
(127, 1, 0, '1485526239YeFk.JPG', 0, '2017-01-27 08:10:39'),
(128, 1, 0, '1485526246a0QK.JPG', 0, '2017-01-27 08:10:46'),
(129, 1, 0, '1485529903HHGV.JPG', 0, '2017-01-27 09:11:43'),
(130, 1, 0, '1485529913QVhu.JPG', 0, '2017-01-27 09:11:53'),
(131, 1, 0, '1485529930eOta.JPG', 0, '2017-01-27 09:12:10'),
(132, 1, 0, '1485529932T3HO.JPG', 0, '2017-01-27 09:12:12'),
(133, 1, 0, '1485529940zcO4.JPG', 0, '2017-01-27 09:12:20'),
(135, 1, 0, '1485950787SAPf.jpg', 0, '2017-02-01 06:06:27'),
(136, 1, 0, '1485950896OPXa.jpg', 0, '2017-02-01 06:08:16'),
(137, 1, 0, '14859559787vzL.jpg', 0, '2017-02-01 07:32:58'),
(138, 1, 0, '1485956609WAE3.jpg', 0, '2017-02-01 07:43:29'),
(139, 1, 0, '1485956765Vtxr.jpg', 0, '2017-02-01 07:46:05'),
(140, 1, 0, '1485957301PVi4.jpg', 0, '2017-02-01 07:55:01'),
(141, 1, 0, '1485958012oKfN.jpg', 0, '2017-02-01 08:06:52'),
(142, 1, 0, '14860131924ek8.png', 0, '2017-02-01 23:26:32'),
(143, 1, 0, '1486014289HXLy.jpg', 0, '2017-02-01 23:44:49'),
(144, 1, 0, '14860145611dpH.jpg', 0, '2017-02-01 23:49:21'),
(145, 1, 0, '14860154286lha.jpg', 0, '2017-02-02 00:03:48'),
(146, 1, 0, '1486020971nrBY.jpg', 0, '2017-02-02 01:36:11'),
(147, 1, 0, '1486034741eptB.jpg', 0, '2017-02-02 05:25:41'),
(148, 1, 0, '1486038382BNvn.jpg', 0, '2017-02-02 06:26:22'),
(149, 1, 0, '1486038585Ru7W.jpg', 0, '2017-02-02 06:29:45'),
(150, 1, 0, '1486038755Qea5.png', 0, '2017-02-02 06:32:35'),
(151, 1, 0, '1486038880MDzo.jpg', 0, '2017-02-02 06:34:40'),
(152, 1, 0, '1486039282Gcdt.jpg', 0, '2017-02-02 06:41:22'),
(153, 1, 0, '1486039556f19t.jpg', 0, '2017-02-02 06:45:56'),
(154, 1, 0, '1486039753hA3D.png', 0, '2017-02-02 06:49:13'),
(155, 1, 0, '1486039864Qdgw.jpg', 0, '2017-02-02 06:51:04'),
(156, 1, 0, '1486040023Va5i.jpg', 0, '2017-02-02 06:53:43'),
(157, 1, 0, '14860403764YUE.jpg', 0, '2017-02-02 06:59:36'),
(158, 1, 0, '1486040515n9L4.jpg', 0, '2017-02-02 07:01:55'),
(159, 1, 0, '1486040759hrFJ.jpg', 0, '2017-02-02 07:05:59'),
(160, 1, 0, '1486042393oecy.jpg', 0, '2017-02-02 07:33:13'),
(161, 1, 0, '1486042687oN2B.jpg', 0, '2017-02-02 07:38:07'),
(162, 1, 0, '1486043145S3Vj.JPG', 0, '2017-02-02 07:45:45'),
(163, 1, 0, '1486043200HRzw.png', 0, '2017-02-02 07:46:40'),
(164, 1, 0, '1486043764crFD.jpg', 0, '2017-02-02 07:56:04'),
(165, 1, 0, '14860439063aK8.jpg', 0, '2017-02-02 07:58:26'),
(166, 1, 0, '1486044163x6WT.jpg', 0, '2017-02-02 08:02:43'),
(167, 1, 0, '1486044320tLM3.jpg', 0, '2017-02-02 08:05:20'),
(168, 1, 0, '1486044931ScBS.jpg', 0, '2017-02-02 08:15:31'),
(169, 11, 0, '1486081045AyQC.JPG', 0, '2017-02-02 18:17:25'),
(170, 1, 0, '1486098558NCAU.jpg', 0, '2017-02-02 23:09:18'),
(171, 1, 0, '1486099689cMd2.png', 0, '2017-02-02 23:28:09'),
(172, 1, 0, '148610499107pW.jpg', 0, '2017-02-03 00:56:31'),
(173, 1, 0, '1492091597Cvpk.png', 0, '2017-04-13 15:53:17'),
(174, 1, 0, '1492155762y69u.png', 0, '2017-04-14 09:42:42'),
(175, 1, 0, '1492155931JOMp.png', 0, '2017-04-14 09:45:31'),
(176, 1, 0, '1492157051V1E5.png', 0, '2017-04-14 10:04:11'),
(177, 1, 0, '1492157344IEj5.png', 0, '2017-04-14 10:09:04'),
(178, 1, 0, '1492157359dPEk.png', 0, '2017-04-14 10:09:19'),
(180, 1, 0, '1492179276ouyd.png', 0, '2017-04-14 16:14:36'),
(181, 1, 0, '1492179283deEr.png', 0, '2017-04-14 16:14:43'),
(182, 1, 0, '1492179287ETbr.png', 0, '2017-04-14 16:14:47'),
(183, 1, 0, '1492179289bzl3.png', 0, '2017-04-14 16:14:49'),
(184, 1, 0, '1492179291MPRD.png', 0, '2017-04-14 16:14:51'),
(185, 1, 0, '1492410017tZxa.png', 0, '2017-04-17 08:20:17'),
(186, 1, 0, '1492410089MLdm.png', 0, '2017-04-17 08:21:29'),
(187, 1, 0, '1492410352pfja.png', 0, '2017-04-17 08:25:52'),
(188, 1, 0, '1492410352qQjs.png', 0, '2017-04-17 08:25:52'),
(189, 1, 0, '1492410352ctZf.png', 0, '2017-04-17 08:25:52'),
(190, 1, 0, '1492410376q7Q7.png', 0, '2017-04-17 08:26:16'),
(191, 1, 0, '1492410376X8b5.png', 0, '2017-04-17 08:26:16'),
(192, 1, 0, '1492410376XMvN.png', 0, '2017-04-17 08:26:17'),
(193, 1, 0, '1492411111fNIn.png', 0, '2017-04-17 08:38:31'),
(194, 1, 0, '1492411111vIbh.png', 0, '2017-04-17 08:38:31'),
(195, 1, 0, '1492411112ANzw.png', 0, '2017-04-17 08:38:32'),
(196, 1, 0, '1492411112YBcL.png', 0, '2017-04-17 08:38:32'),
(197, 1, 0, '14924111121gil.png', 0, '2017-04-17 08:38:32'),
(198, 1, 0, '14924149718T2t.png', 0, '2017-04-17 09:42:51'),
(199, 1, 0, '1492414971uFG3.png', 0, '2017-04-17 09:42:51'),
(200, 1, 0, '1492414971Nr3T.png', 0, '2017-04-17 09:42:51'),
(201, 1, 0, '1492414971Dz7y.png', 0, '2017-04-17 09:42:51'),
(202, 1, 0, '1492416165clwc.jpg', 0, '2017-04-17 10:02:45'),
(203, 1, 0, '1492416165mjhd.jpg', 0, '2017-04-17 10:02:45'),
(204, 1, 0, '14924952584LjH.jpg', 0, '2017-04-18 08:00:58'),
(205, 11, 0, '1492730160lKdF.png', 0, '2017-04-21 01:16:01'),
(206, 11, 0, '1492730161DSZ3.png', 0, '2017-04-21 01:16:01'),
(207, 11, 0, '1492730161k0XF.png', 0, '2017-04-21 01:16:01'),
(208, 11, 0, '1492730161YNUM.jpg', 0, '2017-04-21 01:16:01'),
(209, 11, 0, '1492730161D2m2.jpg', 0, '2017-04-21 01:16:02');

-- --------------------------------------------------------

--
-- Table structure for table `plans`
--

CREATE TABLE `plans` (
  `id` int(11) NOT NULL,
  `plans_day` int(11) DEFAULT NULL,
  `plans_month` int(11) DEFAULT NULL,
  `plans_rate` float DEFAULT NULL,
  `type` text NOT NULL
) ENGINE=InnoDB DEFAULT CHARSET=utf8;

--
-- Dumping data for table `plans`
--

INSERT INTO `plans` (`id`, `plans_day`, `plans_month`, `plans_rate`, `type`) VALUES
(1, 1, NULL, 2.5, 'day'),
(2, 2, NULL, 4.5, 'day'),
(3, 3, NULL, 6, 'day'),
(4, 4, NULL, 8, 'day'),
(5, 5, NULL, 9, 'day'),
(6, 6, NULL, 10, 'day'),
(7, 7, NULL, 12, 'day'),
(8, NULL, 1, 70, 'month'),
(9, NULL, 2, 110, 'month'),
(10, NULL, 3, 200, 'month'),
(11, NULL, 6, 300, 'month'),
(12, NULL, 12, 450, 'month');

-- --------------------------------------------------------

--
-- Table structure for table `settings`
--

CREATE TABLE `settings` (
  `id` int(11) NOT NULL,
  `key` text,
  `value` text,
  `created_date` datetime DEFAULT NULL,
  `modified_date` timestamp NOT NULL DEFAULT CURRENT_TIMESTAMP
) ENGINE=MyISAM DEFAULT CHARSET=latin1;

--
-- Dumping data for table `settings`
--

INSERT INTO `settings` (`id`, `key`, `value`, `created_date`, `modified_date`) VALUES
(1, 'fb_url', 'https://www.facebook.com/tipsandgo/', '2016-12-08 13:27:01', '2016-12-08 13:27:01'),
(2, 'twitter_url', 'https://twitter.com/tipsandgo', '2016-12-08 13:27:01', '2016-12-08 13:27:01'),
(3, 'gplus_url', 'https://plus.google.com/u/0/116372983113266907468', '2016-12-08 13:27:01', '2016-12-08 13:27:01'),
(4, 'linkedin_url', 'https://www.linkedin.com/tipsandgo', '2016-12-08 13:27:01', '2016-12-08 13:27:01'),
(5, 'admin_email', 'admin@admin.com', '2016-12-08 13:48:10', '2016-12-08 13:48:10'),
(6, 'welcome_text', 'Welcome to Tips and Go', '2016-12-08 13:48:10', '2016-12-08 13:48:10'),
(7, 'aboutus_text', NULL, '2016-12-08 13:52:30', '2016-12-08 13:52:30'),
(8, 'noreply_email', 'admin@admin.com', '2016-12-08 13:52:30', '2016-12-08 13:52:30'),
(9, 'site_mobile', NULL, '2016-12-08 13:52:30', '2016-12-08 13:52:30'),
(10, 'copyright', 'COPYRIGHT © 2016, Tipsandgo.com', '2016-12-08 13:52:30', '2016-12-08 13:52:30'),
(11, 'site_name', 'Tipsandgo ', '2016-12-08 13:52:30', '2016-12-08 13:52:30'),
(12, 'site_keywords', NULL, '2016-12-08 13:52:30', '2016-12-08 13:52:30'),
(13, 'site_meta_desc', NULL, '2016-12-08 13:52:30', '2016-12-08 13:52:30'),
(14, 'site_email', 'admin@tipsandgo.com', '2016-12-08 13:52:30', '2016-12-08 13:52:30'),
(15, 'order_email', NULL, '2016-12-08 13:52:30', '2016-12-08 13:52:30'),
(16, 'site_phone', '+91 1234567890', '2016-12-08 13:52:30', '2016-12-08 13:52:30'),
(17, 'site_fax', NULL, '2016-12-08 13:52:30', '2016-12-08 13:52:30'),
(18, 'site_address', '001, Dummy Address\r\nDummy Street\r\nCITY, STATE ZIPCODE', '2016-12-08 13:52:30', '2016-12-08 13:52:30'),
(19, 'logo', 'logo2.png', '2016-12-08 13:52:30', '2016-12-08 13:52:30'),
(20, 'favicon', 'logo3.png', '2016-12-08 13:52:30', '2016-12-08 13:52:30');

-- --------------------------------------------------------

--
-- Table structure for table `subscriber`
--

CREATE TABLE `subscriber` (
  `subscriber_id` int(11) NOT NULL,
  `email` varchar(100) NOT NULL,
  `created_date` datetime NOT NULL
) ENGINE=MyISAM DEFAULT CHARSET=latin1;

--
-- Dumping data for table `subscriber`
--

INSERT INTO `subscriber` (`subscriber_id`, `email`, `created_date`) VALUES
(1, 'test@mailinator.com', '0000-00-00 00:00:00');

-- --------------------------------------------------------

--
-- Table structure for table `transaction`
--

CREATE TABLE `transaction` (
  `id` int(11) NOT NULL,
  `banner_id` int(11) NOT NULL,
  `transaction_id` varchar(25) NOT NULL,
  `item_number` varchar(25) NOT NULL,
  `status` varchar(10) NOT NULL,
  `created_date` datetime NOT NULL
) ENGINE=InnoDB DEFAULT CHARSET=utf8;

-- --------------------------------------------------------

--
-- Table structure for table `trip`
--

CREATE TABLE `trip` (
  `trip_id` int(11) NOT NULL,
  `user_id` int(11) NOT NULL,
  `title` varchar(100) NOT NULL,
  `description` text NOT NULL,
  `tags` varchar(100) NOT NULL,
  `tips` text NOT NULL,
  `category` int(11) NOT NULL,
  `go_there` varchar(100) NOT NULL,
  `suggestion_for` varchar(100) NOT NULL,
  `nearby_attractions` varchar(100) NOT NULL,
  `budget` int(50) NOT NULL,
  `budget_min` int(50) NOT NULL,
  `budget_max` int(50) NOT NULL,
  `check_in_date` datetime NOT NULL,
  `check_out_date` datetime NOT NULL,
  `location` text NOT NULL,
  `country` varchar(25) NOT NULL,
  `location_lat` varchar(50) NOT NULL,
  `location_long` varchar(50) NOT NULL,
  `neighbourhood` varchar(100) NOT NULL,
  `publish` tinyint(2) NOT NULL DEFAULT '0',
  `creation_date` datetime NOT NULL
) ENGINE=InnoDB DEFAULT CHARSET=latin1;

--
-- Dumping data for table `trip`
--

INSERT INTO `trip` (`trip_id`, `user_id`, `title`, `description`, `tags`, `tips`, `category`, `go_there`, `suggestion_for`, `nearby_attractions`, `budget`, `budget_min`, `budget_max`, `check_in_date`, `check_out_date`, `location`, `country`, `location_lat`, `location_long`, `neighbourhood`, `publish`, `creation_date`) VALUES
(1, 1, 'Switzerland Trip', 'test', 'test,test2', 'test', 1, 'Subway, Airplane', 'Car, Walking', 'test', 1000, 500, 100, '2016-11-01 00:00:00', '2016-11-09 00:00:00', 'Zurich, Switzerland', 'Switzerland', '47.376887', '8.541694', 'test', 1, '2016-11-10 00:00:00'),
(2, 1, 'New Zealand Trip', 'test1', 'test', 'test1', 2, 'Subway, Airplane, Car, Walking, Bus, Boat, Bicycle', 'Airplane, Car', 'test2', 1000, 500, 100, '2016-11-08 00:00:00', '2016-11-30 00:00:00', 'Wellington, New Zealand', 'New Zealand', '-41.286460', '174.776236', 'test', 1, '2016-11-11 00:00:00'),
(3, 1, 'London Trip', 'test1', 'test', 'test1', 3, 'Subway', 'Bus', 'test2', 1000, 500, 100, '2016-11-08 00:00:00', '2016-11-30 00:00:00', 'London, United Kingdom', 'United Kingdom', '51.507351', '-0.127758', 'test', 1, '2016-11-10 00:00:00'),
(4, 2, 'New Zealand Trip', 'Test123', 'hello,world', 'Test123', 4, 'Subway, Car', 'Walking, Train ', 'Wellington, New Zealand', 1000, 500, 100, '2016-11-01 00:00:00', '2016-11-10 00:00:00', 'Auckland, New Zealand', 'New Zealand', '-36.848460', '174.763332', 'queens,hemilton', 1, '2016-11-11 00:00:00'),
(5, 2, 'Goa Trip', 'good', 'good', 'good', 1, 'Subway, Airplane', 'Bus, Train ', 'Vasco da Gama, Goa, India', 1500, 500, 1000, '2016-11-10 00:00:00', '2016-11-15 00:00:00', 'Margao, Goa, India', 'India', '15.2832187', '73.98619099999996', 'very good', 1, '2016-11-11 00:00:00'),
(6, 2, 'Goa Trip', 'good', 'good', 'good', 2, 'Subway, Airplane', 'Bus, Train ', 'Vasco da Gama, Goa, India', 1500, 500, 1000, '2016-11-10 00:00:00', '2016-11-15 00:00:00', 'Baga, Goa, India', 'India', '15.555694', '73.751647', 'very good', 1, '2016-11-11 00:00:00'),
(7, 2, 'Switzerland Trip', 'natural places', 'mountain', 'natural places', 1, 'Airplane', 'Airplane, Train ', 'Zürich, Switzerland', 5000, 2500, 3500, '2016-11-10 00:00:00', '2016-11-25 00:00:00', 'Bern, Switzerland', 'Switzerland', '46.9479739', '7.447446799999966', '', 1, '2016-11-11 00:00:00'),
(8, 2, 'London Trip', 'Test1234', 'Test1234', 'Test1234', 2, 'Subway, Airplane, Walking', 'Airplane, Car', 'London, United Kingdom', 1000, 500, 700, '2016-11-02 00:00:00', '2016-11-24 00:00:00', 'Oxford, United Kingdom', 'United Kingdom', '51.752021', '-1.257726', 'the oval', 1, '2016-11-11 00:00:00'),
(9, 1, 'Mumbai Trip', 'Good Experience', 'Hotel,Trip,Fun,Adventure', 'Fun', 2, 'Airplane, Walking, Bus', 'Subway, Airplane, Car', 'Elephanta Island, Navi Mumbai, Maharashtra, India', 2000, 1000, 15000, '2016-12-25 00:00:00', '2017-01-02 00:00:00', 'Mumbai, Madhya Pradesh, India', 'India', '22.719569', '75.857726', 'National Park', 1, '2016-11-16 08:54:56'),
(10, 3, 'priyesh &lt;font', 'ddddddddd', 'world', 'dsfdsfsd ds ', 2, 'Subway, Airplane, Car, Walking, Bus, Boat, Bicycle', 'Airplane, Car', 'FDR Drive, New York, NY, United States', 123, 12, 1222, '2016-12-27 00:00:00', '2016-12-29 00:00:00', 'Indore, Madhya Pradesh, India', 'India', '22.719569', '75.857726', '', 1, '2016-12-01 11:19:29');

-- --------------------------------------------------------

--
-- Table structure for table `trip_categories`
--

CREATE TABLE `trip_categories` (
  `category_id` int(11) NOT NULL,
  `category` varchar(100) NOT NULL,
  `creation_date` datetime NOT NULL
) ENGINE=InnoDB DEFAULT CHARSET=latin1;

--
-- Dumping data for table `trip_categories`
--

INSERT INTO `trip_categories` (`category_id`, `category`, `creation_date`) VALUES
(1, 'Journeys for Families', '0000-00-00 00:00:00'),
(2, 'Scenic Adventures', '0000-00-00 00:00:00'),
(3, 'wildlife', '0000-00-00 00:00:00'),
(4, 'Arts and culture', '0000-00-00 00:00:00'),
(5, 'Restaurant', '0000-00-00 00:00:00');

-- --------------------------------------------------------

--
-- Table structure for table `trip_neighbourhood`
--

CREATE TABLE `trip_neighbourhood` (
  `neighbourhood_ig` int(11) NOT NULL,
  `neighbourhood` text NOT NULL,
  `trip_id` int(11) NOT NULL
) ENGINE=InnoDB DEFAULT CHARSET=latin1;

--
-- Dumping data for table `trip_neighbourhood`
--

INSERT INTO `trip_neighbourhood` (`neighbourhood_ig`, `neighbourhood`, `trip_id`) VALUES
(1, 'queens', 4),
(2, 'hemilton', 4),
(3, 'very good', 5),
(4, 'very good', 6),
(5, '', 7),
(6, 'the oval', 8),
(7, 'National Park', 9),
(8, '', 10);

-- --------------------------------------------------------

--
-- Table structure for table `trip_reviews`
--

CREATE TABLE `trip_reviews` (
  `review_id` int(11) NOT NULL,
  `rating` int(11) NOT NULL,
  `description` text NOT NULL,
  `review_for` int(11) NOT NULL,
  `review_by` int(11) NOT NULL,
  `owner` int(11) NOT NULL,
  `approved` tinyint(4) NOT NULL DEFAULT '0',
  `created_date` datetime NOT NULL
) ENGINE=MyISAM DEFAULT CHARSET=latin1;

--
-- Dumping data for table `trip_reviews`
--

INSERT INTO `trip_reviews` (`review_id`, `rating`, `description`, `review_for`, `review_by`, `owner`, `approved`, `created_date`) VALUES
(1, 3, 'Lorem ipsum dolor sit amet, consectetur adipiscing elit. Cras laoreet sem eu felis rhoncus ornare.', 4, 1, 2, 0, '2016-11-25 11:53:17'),
(2, 4, 'Lorem ipsum dolor sit amet, consectetur adipiscing elit.', 4, 1, 2, 0, '2016-11-25 11:53:33'),
(3, 0, 'Lorem ipsum dolor sit amet, consectetur adipiscing elit. Cras laoreet sem eu felis rhoncus ornare. Nam ultricies dui est, vitae convallis est sodales non. Vestibulum ante ipsum primis in faucibus orci luctus et ultrices posuere cubilia Curae', 4, 1, 2, 0, '2016-11-25 11:53:54'),
(4, 3, 'test', 6, 1, 2, 0, '2016-11-25 14:40:45'),
(5, 3, 'Hi, it''s awesome!', 1, 6, 1, 0, '2017-01-04 01:10:59'),
(6, 0, 'hffddfjfj', 4, 1, 2, 0, '2017-04-21 02:04:23');

-- --------------------------------------------------------

--
-- Table structure for table `trip_tags`
--

CREATE TABLE `trip_tags` (
  `tag_ig` int(11) NOT NULL,
  `tag` text NOT NULL,
  `trip_id` int(11) NOT NULL
) ENGINE=InnoDB DEFAULT CHARSET=latin1;

--
-- Dumping data for table `trip_tags`
--

INSERT INTO `trip_tags` (`tag_ig`, `tag`, `trip_id`) VALUES
(1, 'test', 1),
(2, 'test2', 1),
(3, 'test', 3),
(4, 'hello', 4),
(5, 'world', 4),
(6, 'good', 5),
(7, 'good', 6),
(8, 'mountain', 7),
(9, 'Test1234', 8),
(10, 'Hotel', 9),
(11, 'Trip', 9),
(12, 'Fun', 9),
(13, 'Adventure', 9),
(14, 'world', 10);

-- --------------------------------------------------------

--
-- Table structure for table `trip_transportation_ficility`
--

CREATE TABLE `trip_transportation_ficility` (
  `transport_ig` int(11) NOT NULL,
  `transport` text NOT NULL,
  `trip_id` int(11) NOT NULL
) ENGINE=InnoDB DEFAULT CHARSET=latin1;

--
-- Dumping data for table `trip_transportation_ficility`
--

INSERT INTO `trip_transportation_ficility` (`transport_ig`, `transport`, `trip_id`) VALUES
(1, 'Subway', 1),
(2, 'Airplane', 1),
(3, 'subway', 2),
(4, 'airplane', 2),
(5, 'car', 2),
(6, 'walking', 2),
(7, 'bus', 2),
(8, 'boat', 2),
(9, 'bicycle', 2),
(10, 'subway', 3),
(11, 'subway', 4),
(12, 'car', 4),
(13, 'subway', 5),
(14, 'airplane', 5),
(15, 'subway', 6),
(16, 'airplane', 6),
(17, 'airplane', 7),
(18, 'subway', 8),
(19, 'airplane', 8),
(20, 'walking', 8),
(21, 'airplane', 9),
(22, 'walking', 9),
(23, 'bus', 9),
(24, 'subway', 10),
(25, 'airplane', 10),
(26, 'car', 10),
(27, 'walking', 10),
(28, 'bus', 10),
(29, 'boat', 10),
(30, 'bicycle', 10);

-- --------------------------------------------------------

--
-- Table structure for table `trip_wishlists`
--

CREATE TABLE `trip_wishlists` (
  `wishlist_id` int(11) NOT NULL,
  `trip_id` int(11) NOT NULL,
  `user_id` int(11) NOT NULL,
  `owner_id` int(11) NOT NULL,
  `created_date` datetime NOT NULL
) ENGINE=MyISAM DEFAULT CHARSET=latin1;

--
-- Dumping data for table `trip_wishlists`
--

INSERT INTO `trip_wishlists` (`wishlist_id`, `trip_id`, `user_id`, `owner_id`, `created_date`) VALUES
(44, 3, 6, 1, '2017-01-17 00:39:41'),
(34, 1, 3, 1, '2016-11-29 15:06:32');

-- --------------------------------------------------------

--
-- Table structure for table `users`
--

CREATE TABLE `users` (
  `user_id` int(11) NOT NULL,
  `email` varchar(100) NOT NULL,
  `username` varchar(100) NOT NULL,
  `password` varchar(100) NOT NULL,
  `first_name` varchar(100) NOT NULL,
  `last_name` varchar(100) NOT NULL,
  `profile_pic` varchar(255) NOT NULL,
  `location` varchar(100) NOT NULL,
  `lat` varchar(100) NOT NULL,
  `long` varchar(100) NOT NULL,
  `gender` varchar(25) NOT NULL,
  `dob` text NOT NULL,
  `profession` varchar(100) NOT NULL,
  `about_me` text NOT NULL,
  `type` tinyint(2) NOT NULL,
  `cover_image` varchar(100) NOT NULL,
  `travel_with` tinyint(2) NOT NULL,
  `travelling` tinyint(2) NOT NULL,
  `code` varchar(50) NOT NULL,
  `language` text NOT NULL,
  `approve` tinyint(2) NOT NULL DEFAULT '0',
  `creation_date` datetime NOT NULL,
  `lastsignedinon` datetime NOT NULL,
  `resetsenton` datetime NOT NULL,
  `resetpasscode` varchar(50) NOT NULL
) ENGINE=InnoDB DEFAULT CHARSET=latin1;

--
-- Dumping data for table `users`
--

INSERT INTO `users` (`user_id`, `email`, `username`, `password`, `first_name`, `last_name`, `profile_pic`, `location`, `lat`, `long`, `gender`, `dob`, `profession`, `about_me`, `type`, `cover_image`, `travel_with`, `travelling`, `code`, `language`, `approve`, `creation_date`, `lastsignedinon`, `resetsenton`, `resetpasscode`) VALUES
(1, 'admin@admin.com', 'admin', '4297f44b13955235245b2497399d7a93', 'Admin', 'Austin', '1492409287LMJv.jpg', 'Rome, Italy', '', '', '1', '02/06/1990', 'Architecture', '', 1, '1492404173Csbf.png', 3, 2, '', 'English', 1, '0000-00-00 00:00:00', '2016-11-26 19:58:00', '0000-00-00 00:00:00', '0000-00-00 00:00:00'),
(2, 'test@test.com', 'test', '4297f44b13955235245b2497399d7a93', 'test', 'test', '1480330160GdKy.jpg', 'Paris, France', '48.85661400000001', '2.3522219000000177', '1', '01/10/1994', 'Test', '', 2, '', 2, 1, '', 'english', 1, '0000-00-00 00:00:00', '0000-00-00 00:00:00', '0000-00-00 00:00:00', '0000-00-00 00:00:00'),
(3, 'test123@mailinator.com', 'testmail', '4297f44b13955235245b2497399d7a93', 'Mailinator', 'Test', '1485264461O8w8.png', 'Milan, Metropolitan City of Milan, Italy', '45.4654219', '9.18592430000001', '1', '02/15/1995', 'Architecht', '', 0, '1485261897XD1P.jpg', 3, 2, '', 'Italian', 1, '2016-11-28 10:51:41', '2016-11-28 10:54:46', '2017-01-21 04:08:03', ''),
(6, 'om.rudiment@gmail.com', 'omrudi', 'd8578edf8458ce06fbc5bb76a58c5ca4', '', '', '1489817526fRrq.jpg', '', '', '', '', '', '', '', 2, '1483514307pBqv.jpg', 0, 0, 'EaUEIL', '', 0, '2017-01-04 00:55:47', '0000-00-00 00:00:00', '2017-01-17 00:13:57', ''),
(9, 'developer.shoebuddin@gmail.com', 'shoeb', '4297f44b13955235245b2497399d7a93', 'Shoeb', 'Uddin', '1486017981XMtx.jpg', 'Mumbai, Maharashtra, India', '19.0759837', '72.87765590000004', '1', '31/12/1969', 'Web Developer', '', 2, '1486018020Jb6Q.jpg', 2, 2, '', 'English', 0, '2017-01-04 01:47:05', '0000-00-00 00:00:00', '0000-00-00 00:00:00', ''),
(10, 'bd.rudiment@gmail.com', 'bd', '4297f44b13955235245b2497399d7a93', 'BD', 'Rudiment', '', '', '', '', '1', '', '', '', 2, '', 0, 0, '', '', 0, '2017-01-17 00:15:01', '0000-00-00 00:00:00', '0000-00-00 00:00:00', ''),
(11, 'luciogalani@hotmail.com', 'Lucio Galani', '4297f44b13955235245b2497399d7a93', 'Lucio', 'Galani', '1485724716CyIr.JPG', 'Praiano, SA, Italia', '40.6165851', '14.527658900000006', '1', '02/22/1980', 'Webmaster', '', 2, '1485724759Gz1z.JPG', 1, 1, '', 'English, Spanish, Italiano', 0, '2017-01-28 23:32:52', '0000-00-00 00:00:00', '2017-01-29 15:29:31', ''),
(12, 'austin@austin.com', 'austin', '4297f44b13955235245b2497399d7a93', '', '', '', '', '', '', '', '', '', '', 2, '', 0, 0, '', '', 0, '2017-04-21 02:44:21', '0000-00-00 00:00:00', '0000-00-00 00:00:00', '');

-- --------------------------------------------------------

--
-- Table structure for table `user_followers`
--

CREATE TABLE `user_followers` (
  `follow_id` int(11) NOT NULL,
  `follower_id` int(11) NOT NULL,
  `following_id` int(11) NOT NULL,
  `activity_id` varchar(50) NOT NULL,
  `notification_id` varchar(50) NOT NULL,
  `resource_type` varchar(50) NOT NULL DEFAULT 'webserver',
  `created_date` datetime NOT NULL
) ENGINE=MyISAM DEFAULT CHARSET=latin1;

--
-- Dumping data for table `user_followers`
--

INSERT INTO `user_followers` (`follow_id`, `follower_id`, `following_id`, `activity_id`, `notification_id`, `resource_type`, `created_date`) VALUES
(42, 1, 3, '353,354', '333,334', 'webserver', '2017-04-14 15:58:33'),
(12, 3, 1, '23,24', '23,24', 'webserver', '2016-11-29 06:34:15'),
(13, 2, 3, '25,26', '25,26', 'webserver', '2016-11-29 07:15:40'),
(14, 3, 2, '27,28', '27,28', 'webserver', '2016-11-29 09:00:57'),
(19, 6, 1, '195,196', '195,196', 'webserver', '2017-01-17 00:40:36'),
(22, 1, 6, '258,259', '250,251', 'webserver', '2017-01-24 06:19:01'),
(23, 11, 6, '297,298', '280,281', 'webserver', '2017-01-29 15:16:56'),
(26, 11, 1, '308,309', '290,291', 'webserver', '2017-02-03 20:35:52'),
(25, 1, 11, '301,302', '284,285', 'webserver', '2017-01-29 15:26:02'),
(40, 1, 9, '349,350', '329,330', 'webserver', '2017-04-13 11:35:25');

-- --------------------------------------------------------

--
-- Table structure for table `wishtips`
--

CREATE TABLE `wishtips` (
  `wishtips_id` int(11) NOT NULL,
  `owner_id` int(11) NOT NULL,
  `title` varchar(100) NOT NULL,
  `description` text NOT NULL,
  `location` varchar(100) NOT NULL,
  `lat` varchar(100) NOT NULL,
  `long` varchar(100) NOT NULL,
  `category` varchar(50) NOT NULL,
  `images` text NOT NULL,
  `thumbnail_url` varchar(50) DEFAULT NULL,
  `created_date` datetime NOT NULL
) ENGINE=InnoDB DEFAULT CHARSET=latin1;

--
-- Dumping data for table `wishtips`
--

INSERT INTO `wishtips` (`wishtips_id`, `owner_id`, `title`, `description`, `location`, `lat`, `long`, `category`, `images`, `thumbnail_url`, `created_date`) VALUES
(2, 2, 'test2', 'Hello, This is test tips', 'London, United Kingdom', '51.5073509', '-0.12775829999998223', 'Transportation', '1480683665pcBD.jpg,1480683665rpPz.jpg,14806836656i3w.jpg', NULL, '2016-12-02 13:01:05'),
(3, 3, 'test3', 'Hello, I am in austrailia', 'Sydney, New South Wales, Australia', '-33.8688197', '151.20929550000005', 'Travel places', '14806839907xZx.jpg,1480683990YvgP.jpg,1480683990Nyjc.jpg,1480683990vWIy.jpg,1480683990MstQ.jpg', NULL, '2016-12-02 13:06:30'),
(10, 6, 'Here in Newyork', 'Bla bla bla... .!!!!', 'New York, NY, United States', '40.7127837', '-74.00594130000002', 'Travel places', '', NULL, '2017-01-04 01:01:51'),
(11, 6, 'Malysia', 'Hi I am here....', 'Malaysia', '4.210483999999999', '101.97576600000002', 'Budget', '', NULL, '2017-01-04 01:05:49'),
(12, 9, 'mt trip', 'trip', 'India', '20.593684', '78.96288000000004', 'How to prepare a trip', '', NULL, '2017-01-04 01:48:42'),
(27, 6, 'My testing tip', 'Only for location', 'Bangalore, Karnataka, India', '12.9715987', '77.59456269999998', 'Budget', '', NULL, '2017-01-16 07:40:52'),
(30, 1, 'Edjdmmcmd', 'Gdffdgdfdfgfdhtdgcfbcgbcghcgnfghcv. Dfggcfgfgcfgh dfgdggdfgddg fgdfggfdgdfgdg dfdfgdgdfg dfgdrgrgdfggfd vgjjgvvggbvvbbv hvhbvhmbmhbmh hbhjbhkgkhb hbkhhhhhkhbkh hbkhhkhhkhbhhhbkhbhbh hbhjkhbhkbmmbkbh hbhbhbhhbh.', 'Roma, RM, Italia', '41.90278349999999', '12.496365500000024', 'Food', '', NULL, '2017-01-21 09:20:51'),
(36, 6, 'This is 10 MB file testing tip post.', 'Upload successful.', 'National Park, NJ, United States', '39.8659466', '-75.17879010000001', 'Night Life', '1485241528a0F7.jpg', NULL, '2017-01-24 01:05:28'),
(37, 1, 'Testing 10 MB size file through mobile device.', 'Uploa successfully.', 'New York, NY, United States', '40.7127837', '-74.00594130000002', 'Transportation', '1485241913AMMB.jpg', NULL, '2017-01-24 01:11:53'),
(38, 6, 'android test', 'Android testing', 'New York, United States', '43.2994285', '-74.21793260000004', 'Travel places', '', NULL, '2017-01-24 02:24:33'),
(39, 6, 'Moto', 'Moto test', 'Alaska, United States', '64.2008413', '-149.4936733', 'Danger zones', '1485250083zU1K.jpg', NULL, '2017-01-24 03:28:03'),
(45, 6, 'A tip post with 3 pictures.', 'Testing for 3 pictures.', 'Maldives', '1.9772276', '73.53610100000003', 'Accomodation', '1485351021Gjro.jpg,1485351022AbQ0.jpg,14853510564cYb.jpg,1485351113BAdv.jpg', NULL, '2017-01-25 07:32:15'),
(52, 6, 'Hey', 'Hello', 'Indore, Madhya Pradesh, India', '22.7195687', '75.85772580000003', 'Accomodation', '', NULL, '2017-03-18 01:26:37');

-- --------------------------------------------------------

--
-- Table structure for table `wishtips_category`
--

CREATE TABLE `wishtips_category` (
  `wishtips_cat_id` int(11) NOT NULL,
  `category_name` varchar(50) NOT NULL,
  `created_date` datetime NOT NULL
) ENGINE=InnoDB DEFAULT CHARSET=latin1;

--
-- Dumping data for table `wishtips_category`
--

INSERT INTO `wishtips_category` (`wishtips_cat_id`, `category_name`, `created_date`) VALUES
(1, 'Travel places', '2016-12-05 12:35:01'),
(2, 'How to prepare a trip', '0000-00-00 00:00:00'),
(3, 'Transportation', '0000-00-00 00:00:00'),
(4, 'Budget', '0000-00-00 00:00:00'),
(5, 'Accomodation', '0000-00-00 00:00:00'),
(6, 'Danger zones', '0000-00-00 00:00:00'),
(7, 'Food', '0000-00-00 00:00:00'),
(8, 'Flight', '0000-00-00 00:00:00'),
(9, 'Night Life', '0000-00-00 00:00:00'),
(10, 'Others', '2017-01-05 11:55:01');

-- --------------------------------------------------------

--
-- Table structure for table `wishtip_report`
--

CREATE TABLE `wishtip_report` (
  `report_id` int(11) NOT NULL,
  `wishtip_id` int(11) DEFAULT NULL,
  `user_id` int(11) NOT NULL,
  `reason` int(11) NOT NULL DEFAULT '0' COMMENT '0 = none, 1 = ''annoying'', 2 = ''remove from tipsandgo'', 3=''spam''',
  `feedback` text NOT NULL,
  `creation_date` datetime NOT NULL
) ENGINE=InnoDB DEFAULT CHARSET=utf8;

--
-- Dumping data for table `wishtip_report`
--

INSERT INTO `wishtip_report` (`report_id`, `wishtip_id`, `user_id`, `reason`, `feedback`, `creation_date`) VALUES
(1, 30, 1, 1, 'test', '2017-01-23 06:28:27'),
(2, 30, 1, 2, 'test', '2017-01-23 06:31:07'),
(3, 30, 1, 2, 'nfhj', '2017-01-23 06:33:39'),
(4, 27, 1, 2, 'Jejejejje', '2017-01-23 09:06:38'),
(5, 46, 1, 2, 'Odkkdk', '2017-01-25 08:35:48'),
(6, 52, 11, 3, 'Test', '2017-03-18 10:10:19');

--
-- Indexes for dumped tables
--

--
-- Indexes for table `activity`
--
ALTER TABLE `activity`
  ADD PRIMARY KEY (`act_id`);

--
-- Indexes for table `activity_type`
--
ALTER TABLE `activity_type`
  ADD PRIMARY KEY (`activity_type_id`);

--
-- Indexes for table `banners`
--
ALTER TABLE `banners`
  ADD PRIMARY KEY (`banner_id`);

--
-- Indexes for table `batch`
--
ALTER TABLE `batch`
  ADD PRIMARY KEY (`batch_id`);

--
-- Indexes for table `currency_converter`
--
ALTER TABLE `currency_converter`
  ADD PRIMARY KEY (`id`);

--
-- Indexes for table `discover_trips`
--
ALTER TABLE `discover_trips`
  ADD PRIMARY KEY (`discover_trip_id`);

--
-- Indexes for table `favorite_trips`
--
ALTER TABLE `favorite_trips`
  ADD PRIMARY KEY (`favorite_trip_id`);

--
-- Indexes for table `manage_advertisment`
--
ALTER TABLE `manage_advertisment`
  ADD PRIMARY KEY (`advertisment_id`);

--
-- Indexes for table `manage_credit_points`
--
ALTER TABLE `manage_credit_points`
  ADD PRIMARY KEY (`credit_points_id`);

--
-- Indexes for table `message`
--
ALTER TABLE `message`
  ADD PRIMARY KEY (`message_id`);

--
-- Indexes for table `notifications`
--
ALTER TABLE `notifications`
  ADD PRIMARY KEY (`notification_id`);

--
-- Indexes for table `notification_type`
--
ALTER TABLE `notification_type`
  ADD PRIMARY KEY (`notification_type_id`);

--
-- Indexes for table `object_types`
--
ALTER TABLE `object_types`
  ADD PRIMARY KEY (`obj_type_id`);

--
-- Indexes for table `photos`
--
ALTER TABLE `photos`
  ADD PRIMARY KEY (`photo_id`);

--
-- Indexes for table `plans`
--
ALTER TABLE `plans`
  ADD PRIMARY KEY (`id`);

--
-- Indexes for table `settings`
--
ALTER TABLE `settings`
  ADD PRIMARY KEY (`id`);

--
-- Indexes for table `subscriber`
--
ALTER TABLE `subscriber`
  ADD PRIMARY KEY (`subscriber_id`);

--
-- Indexes for table `transaction`
--
ALTER TABLE `transaction`
  ADD PRIMARY KEY (`id`);

--
-- Indexes for table `trip`
--
ALTER TABLE `trip`
  ADD PRIMARY KEY (`trip_id`);

--
-- Indexes for table `trip_categories`
--
ALTER TABLE `trip_categories`
  ADD PRIMARY KEY (`category_id`);

--
-- Indexes for table `trip_neighbourhood`
--
ALTER TABLE `trip_neighbourhood`
  ADD PRIMARY KEY (`neighbourhood_ig`);

--
-- Indexes for table `trip_reviews`
--
ALTER TABLE `trip_reviews`
  ADD PRIMARY KEY (`review_id`);

--
-- Indexes for table `trip_tags`
--
ALTER TABLE `trip_tags`
  ADD PRIMARY KEY (`tag_ig`);

--
-- Indexes for table `trip_transportation_ficility`
--
ALTER TABLE `trip_transportation_ficility`
  ADD PRIMARY KEY (`transport_ig`);

--
-- Indexes for table `trip_wishlists`
--
ALTER TABLE `trip_wishlists`
  ADD PRIMARY KEY (`wishlist_id`);

--
-- Indexes for table `users`
--
ALTER TABLE `users`
  ADD PRIMARY KEY (`user_id`);

--
-- Indexes for table `user_followers`
--
ALTER TABLE `user_followers`
  ADD PRIMARY KEY (`follow_id`);

--
-- Indexes for table `wishtips`
--
ALTER TABLE `wishtips`
  ADD PRIMARY KEY (`wishtips_id`);

--
-- Indexes for table `wishtips_category`
--
ALTER TABLE `wishtips_category`
  ADD PRIMARY KEY (`wishtips_cat_id`);

--
-- Indexes for table `wishtip_report`
--
ALTER TABLE `wishtip_report`
  ADD PRIMARY KEY (`report_id`);

--
-- AUTO_INCREMENT for dumped tables
--

--
-- AUTO_INCREMENT for table `activity`
--
ALTER TABLE `activity`
  MODIFY `act_id` int(11) NOT NULL AUTO_INCREMENT, AUTO_INCREMENT=369;
--
-- AUTO_INCREMENT for table `activity_type`
--
ALTER TABLE `activity_type`
  MODIFY `activity_type_id` int(11) NOT NULL AUTO_INCREMENT, AUTO_INCREMENT=14;
--
-- AUTO_INCREMENT for table `banners`
--
ALTER TABLE `banners`
  MODIFY `banner_id` int(11) NOT NULL AUTO_INCREMENT;
--
-- AUTO_INCREMENT for table `batch`
--
ALTER TABLE `batch`
  MODIFY `batch_id` int(11) NOT NULL AUTO_INCREMENT, AUTO_INCREMENT=3;
--
-- AUTO_INCREMENT for table `currency_converter`
--
ALTER TABLE `currency_converter`
  MODIFY `id` int(11) UNSIGNED NOT NULL AUTO_INCREMENT, AUTO_INCREMENT=26;
--
-- AUTO_INCREMENT for table `discover_trips`
--
ALTER TABLE `discover_trips`
  MODIFY `discover_trip_id` int(11) NOT NULL AUTO_INCREMENT, AUTO_INCREMENT=6;
--
-- AUTO_INCREMENT for table `favorite_trips`
--
ALTER TABLE `favorite_trips`
  MODIFY `favorite_trip_id` int(11) NOT NULL AUTO_INCREMENT, AUTO_INCREMENT=7;
--
-- AUTO_INCREMENT for table `manage_advertisment`
--
ALTER TABLE `manage_advertisment`
  MODIFY `advertisment_id` int(11) NOT NULL AUTO_INCREMENT, AUTO_INCREMENT=10;
--
-- AUTO_INCREMENT for table `manage_credit_points`
--
ALTER TABLE `manage_credit_points`
  MODIFY `credit_points_id` int(11) NOT NULL AUTO_INCREMENT, AUTO_INCREMENT=3;
--
-- AUTO_INCREMENT for table `message`
--
ALTER TABLE `message`
  MODIFY `message_id` int(11) NOT NULL AUTO_INCREMENT, AUTO_INCREMENT=23;
--
-- AUTO_INCREMENT for table `notifications`
--
ALTER TABLE `notifications`
  MODIFY `notification_id` int(11) NOT NULL AUTO_INCREMENT, AUTO_INCREMENT=346;
--
-- AUTO_INCREMENT for table `notification_type`
--
ALTER TABLE `notification_type`
  MODIFY `notification_type_id` int(11) NOT NULL AUTO_INCREMENT, AUTO_INCREMENT=12;
--
-- AUTO_INCREMENT for table `object_types`
--
ALTER TABLE `object_types`
  MODIFY `obj_type_id` int(11) NOT NULL AUTO_INCREMENT, AUTO_INCREMENT=4;
--
-- AUTO_INCREMENT for table `photos`
--
ALTER TABLE `photos`
  MODIFY `photo_id` int(11) NOT NULL AUTO_INCREMENT, AUTO_INCREMENT=210;
--
-- AUTO_INCREMENT for table `plans`
--
ALTER TABLE `plans`
  MODIFY `id` int(11) NOT NULL AUTO_INCREMENT, AUTO_INCREMENT=13;
--
-- AUTO_INCREMENT for table `settings`
--
ALTER TABLE `settings`
  MODIFY `id` int(11) NOT NULL AUTO_INCREMENT, AUTO_INCREMENT=21;
--
-- AUTO_INCREMENT for table `subscriber`
--
ALTER TABLE `subscriber`
  MODIFY `subscriber_id` int(11) NOT NULL AUTO_INCREMENT, AUTO_INCREMENT=2;
--
-- AUTO_INCREMENT for table `transaction`
--
ALTER TABLE `transaction`
  MODIFY `id` int(11) NOT NULL AUTO_INCREMENT;
--
-- AUTO_INCREMENT for table `trip`
--
ALTER TABLE `trip`
  MODIFY `trip_id` int(11) NOT NULL AUTO_INCREMENT, AUTO_INCREMENT=11;
--
-- AUTO_INCREMENT for table `trip_categories`
--
ALTER TABLE `trip_categories`
  MODIFY `category_id` int(11) NOT NULL AUTO_INCREMENT, AUTO_INCREMENT=6;
--
-- AUTO_INCREMENT for table `trip_neighbourhood`
--
ALTER TABLE `trip_neighbourhood`
  MODIFY `neighbourhood_ig` int(11) NOT NULL AUTO_INCREMENT, AUTO_INCREMENT=9;
--
-- AUTO_INCREMENT for table `trip_reviews`
--
ALTER TABLE `trip_reviews`
  MODIFY `review_id` int(11) NOT NULL AUTO_INCREMENT, AUTO_INCREMENT=7;
--
-- AUTO_INCREMENT for table `trip_tags`
--
ALTER TABLE `trip_tags`
  MODIFY `tag_ig` int(11) NOT NULL AUTO_INCREMENT, AUTO_INCREMENT=15;
--
-- AUTO_INCREMENT for table `trip_transportation_ficility`
--
ALTER TABLE `trip_transportation_ficility`
  MODIFY `transport_ig` int(11) NOT NULL AUTO_INCREMENT, AUTO_INCREMENT=31;
--
-- AUTO_INCREMENT for table `trip_wishlists`
--
ALTER TABLE `trip_wishlists`
  MODIFY `wishlist_id` int(11) NOT NULL AUTO_INCREMENT, AUTO_INCREMENT=68;
--
-- AUTO_INCREMENT for table `users`
--
ALTER TABLE `users`
  MODIFY `user_id` int(11) NOT NULL AUTO_INCREMENT, AUTO_INCREMENT=13;
--
-- AUTO_INCREMENT for table `user_followers`
--
ALTER TABLE `user_followers`
  MODIFY `follow_id` int(11) NOT NULL AUTO_INCREMENT, AUTO_INCREMENT=43;
--
-- AUTO_INCREMENT for table `wishtips`
--
ALTER TABLE `wishtips`
  MODIFY `wishtips_id` int(11) NOT NULL AUTO_INCREMENT, AUTO_INCREMENT=53;
--
-- AUTO_INCREMENT for table `wishtips_category`
--
ALTER TABLE `wishtips_category`
  MODIFY `wishtips_cat_id` int(11) NOT NULL AUTO_INCREMENT, AUTO_INCREMENT=11;
--
-- AUTO_INCREMENT for table `wishtip_report`
--
ALTER TABLE `wishtip_report`
  MODIFY `report_id` int(11) NOT NULL AUTO_INCREMENT, AUTO_INCREMENT=7;
/*!40101 SET CHARACTER_SET_CLIENT=@OLD_CHARACTER_SET_CLIENT */;
/*!40101 SET CHARACTER_SET_RESULTS=@OLD_CHARACTER_SET_RESULTS */;
/*!40101 SET COLLATION_CONNECTION=@OLD_COLLATION_CONNECTION */;
